Finished,Q1,relationships#1_1,relationships#1_2,relationships#1_3,relationships#1_4,relationships#1_5,relationships#1_6,relationships#1_7,relationships#1_8,well-being_1,well-being_2,well-being_3,well-being_4,well-being_5,well-being_6,well-being_7,well-being_8,well-being_9,comfort_1,comfort_2,comfort_3,closeness-humans_1,closeness-humans_2,closeness-humans_3,closeness-humans_4,SIHS_1,SIHS_2,SIHS_3,average_1,average_2,average_3,average_4,average_5,other-people_1,other-people_2,other-people_3,other-people_4,other-people_5,overclaim_1,overclaim_2,overclaim_3,overclaim_4,overclaim_5,overclaim_6,overclaim_7,overclaim_8,overclaim_9,overclaim_10,overclaim_11,overclaim_12,crt-1,crt-2,crt-3,crt-4,crt-5,Q2,Q3,Q4_1,chatbot-use_1,chatbot-use_2,chatbot-use_3,chatbot-use_4,chatbot-use_10,chatbot-use_5,chatbot-use_6,chatbot-use_7,chatbot-use_12,chatbot-use_8,chatbot-use_11,participant_id,selected_topic_name,current_topic,SESSION_NUM,model_condition,crts
True,REDACTED,Somewhat disagree,Neither agree nor disagree,Neither agree nor disagree,Neither agree nor disagree,Neither agree nor disagree,Strongly disagree,Strongly disagree,Somewhat disagree,Strongly agree,Strongly agree,Strongly agree,Strongly agree,Strongly agree,Strongly agree,Strongly disagree,Strongly disagree,Strongly disagree,Quite a bit,Extremely,Not at all,Strongly agree,Strongly agree,Strongly agree,Strongly agree,Strongly agree,Strongly agree,Strongly agree,Much better than average,Much better than average,Much better than average,Much better than average,Much better than average,About the same,About the same,About the same,About the same,About the same,Very familiar,Very familiar,Very familiar,Never heard of it,Very familiar,Familiar,Never heard of it,Never heard of it,Never heard of it,Never heard of it,Somewhat familiar,Very familiar,Mary,One-storey,Depends on which chapter you read,electric trains make no smoke unless there's an electric fire,b,Yes,Helping Paws Animal Wellness,2.0,"Writing assistance (e.g., emails, documents)",Coding,,,,,,,,,,P0372,,,,,
True,REDACTED,Somewhat agree,Somewhat agree,Agree,Strongly agree,Somewhat agree,Neither agree nor disagree,Somewhat agree,Somewhat disagree,Disagree,Disagree,Neither disagree nor agree,Agree,Agree,Agree,Disagree,Disagree,Disagree,Moderately,Extremely,Slightly,Agree,Somewhat agree,Somewhat agree,Somewhat agree,Agree,Strongly agree,Agree,Slightly better than average,Average,Slightly better than average,Average,Average,Slightly better than them,About the same,Slightly better than them,About the same,About the same,Familiar,Familiar,Familiar,Never heard of it,Somewhat familiar,Slightly familiar,Never heard of it,Never heard of it,Never heard of it,Never heard of it,Never heard of it,Familiar,Nunu,pink,2,West,B,No,,,"Writing assistance (e.g., emails, documents)",,Information gathering,Brainstorming,,Homework or studying,,,,,,P0390,,,,,
True,REDACTED,Strongly agree,Somewhat agree,Strongly agree,Agree,Agree,Somewhat agree,Agree,Somewhat agree,Disagree,Neither disagree nor agree,Neither disagree nor agree,Agree,Neither disagree nor agree,Neither disagree nor agree,Strongly disagree,Strongly disagree,Strongly disagree,Extremely,Extremely,Slightly,Agree,Agree,Agree,Somewhat agree,Disagree,Disagree,Somewhat agree,Average,Average,Average,Average,Average,About the same,About the same,About the same,About the same,About the same,Very familiar,Somewhat familiar,Very familiar,Never heard of it,Never heard of it,Never heard of it,Never heard of it,Never heard of it,Never heard of it,Never heard of it,Never heard of it,Very familiar,Mary,pink,2,west,b,No,,,"Writing assistance (e.g., emails, documents)",,Information gathering,,,,,,,,,P0692,,,,,
True,REDACTED,Strongly agree,Strongly disagree,Somewhat agree,Agree,Agree,Somewhat disagree,Agree,Disagree,Agree,Agree,Agree,Agree,Agree,Agree,Disagree,Disagree,Disagree,Quite a bit,Very much,Moderately,Strongly agree,Somewhat agree,Agree,Agree,Disagree,Somewhat agree,Somewhat agree,Somewhat better than average,Much better than average,Much better than average,Somewhat better than average,Somewhat better than average,Somewhat better than them,About the same,About the same,About the same,Somewhat better than them,Very familiar,Very familiar,Very familiar,Familiar,Familiar,Slightly familiar,Familiar,Familiar,Somewhat familiar,Never heard of it,Slightly familiar,Somewhat familiar,mary,there is no stairs,"moses did not build the ark, noah did",there is no smoke coming from an electric train,b,No,,,"Writing assistance (e.g., emails, documents)",,Information gathering,Brainstorming,,,Work tasks,Creative projects,,,,P1217,,,,,
True,REDACTED,Somewhat agree,Somewhat disagree,Somewhat agree,Somewhat disagree,Somewhat agree,Somewhat disagree,Somewhat agree,Neither agree nor disagree,Disagree,Neither disagree nor agree,Neither disagree nor agree,Agree,Agree,Agree,Disagree,Disagree,Disagree,Very much,Very much,Not at all,Agree,Agree,Agree,Agree,Somewhat disagree,Somewhat disagree,Somewhat disagree,Average,Average,Average,Average,Average,About the same,About the same,About the same,About the same,About the same,Familiar,Never heard of it,Familiar,Never heard of it,Slightly familiar,Never heard of it,Never heard of it,Never heard of it,Never heard of it,Never heard of it,Never heard of it,Familiar,Mary,pink,0,no smoke,B,No,,,,,Information gathering,,,,,,,,,P1146,,,,,
True,REDACTED,Strongly agree,Neither agree nor disagree,Strongly agree,Agree,Strongly agree,Disagree,Strongly agree,Neither agree nor disagree,Agree,Agree,Strongly agree,Strongly agree,Strongly agree,Strongly agree,Strongly disagree,Strongly disagree,Strongly disagree,Moderately,Moderately,Not at all,Strongly agree,Neither agree nor disagree,Strongly agree,Agree,Neither agree nor disagree,Neither agree nor disagree,Agree,Much better than average,Average,Much better than average,Much better than average,Much better than average,About the same,About the same,About the same,About the same,About the same,Very familiar,Very familiar,Very familiar,Never heard of it,Never heard of it,Very familiar,Never heard of it,Never heard of it,Never heard of it,Never heard of it,Never heard of it,Very familiar,Mary,Pink,2,East,b,No,,,,,,,,,,,,,I have not used AI chatbots before,P1110,,,,,
True,REDACTED,Agree,Somewhat agree,Agree,Agree,Agree,Somewhat agree,Strongly agree,Somewhat agree,Disagree,Disagree,Disagree,Neither disagree nor agree,Neither disagree nor agree,Neither disagree nor agree,Disagree,Disagree,Disagree,Very much,Extremely,Moderately,Agree,Agree,Strongly agree,Agree,Strongly disagree,Strongly disagree,Strongly disagree,Somewhat better than average,Much better than average,Much better than average,Much better than average,Much better than average,Much better than them,About the same,Slightly better than them,About the same,Somewhat better than them,Somewhat familiar,Very familiar,Very familiar,Never heard of it,Very familiar,Familiar,Never heard of it,Never heard of it,Never heard of it,Never heard of it,Never heard of it,Very familiar,Mary,There are no stairs in a one story house.,4,It is electric. There is no smoke.,B,Yes,Young & Bright Education Fund,1.15,"Writing assistance (e.g., emails, documents)",,Information gathering,,,,Work tasks,,,,,P0495,,,,,
True,REDACTED,Neither agree nor disagree,Neither agree nor disagree,Somewhat agree,Somewhat agree,Neither agree nor disagree,Somewhat agree,Somewhat agree,Neither agree nor disagree,Neither disagree nor agree,Agree,Agree,Agree,Neither disagree nor agree,Agree,Strongly disagree,Strongly disagree,Strongly disagree,Moderately,Quite a bit,Quite a bit,Neither agree nor disagree,Somewhat agree,Neither agree nor disagree,Somewhat agree,Neither agree nor disagree,Somewhat agree,Neither agree nor disagree,Average,Slightly better than average,Average,Slightly better than average,Average,About the same,About the same,Slightly better than them,About the same,Slightly better than them,Familiar,Familiar,Familiar,Somewhat familiar,Familiar,Familiar,Somewhat familiar,Somewhat familiar,Familiar,Somewhat familiar,Somewhat familiar,Somewhat familiar,Mary,There probably weren’t any stairs,,There is no smoke,Neither is correct,No,,,,,,Brainstorming,Personal advice,,Work tasks,,,,,P1105,,,,,
True,REDACTED,Agree,Somewhat disagree,Strongly agree,Somewhat agree,Agree,Disagree,Agree,Disagree,Strongly agree,Strongly agree,Agree,Agree,Agree,Strongly agree,Strongly disagree,Disagree,Strongly disagree,Quite a bit,Extremely,Very much,Strongly agree,Agree,Strongly agree,Strongly agree,Strongly disagree,Disagree,Disagree,Somewhat better than average,Much better than average,Much better than average,Somewhat better than average,Much better than average,Somewhat better than them,Much better than them,Much better than them,Much better than them,Slightly better than them,Familiar,Very familiar,Familiar,Slightly familiar,Familiar,Somewhat familiar,Familiar,Never heard of it,Never heard of it,Slightly familiar,Never heard of it,Somewhat familiar,Mary,There are no stairs,None.,An electric train does not produce smoke.,the yolk of the egg is white,No,,,"Writing assistance (e.g., emails, documents)",,Information gathering,,,,Work tasks,,,,,P0384,,,,,
True,REDACTED,Strongly agree,Strongly disagree,Strongly agree,Somewhat disagree,Strongly agree,Disagree,Strongly agree,Strongly disagree,Agree,Agree,Agree,Agree,Agree,Agree,Strongly disagree,Strongly disagree,Strongly disagree,Quite a bit,Quite a bit,Quite a bit,Agree,Agree,Strongly agree,Agree,Disagree,Disagree,Disagree,Average,Average,Average,Average,Average,About the same,About the same,About the same,About the same,About the same,Very familiar,Very familiar,Very familiar,Never heard of it,Never heard of it,Never heard of it,Never heard of it,Never heard of it,Never heard of it,Never heard of it,Never heard of it,Very familiar,mary,there werent any,none it was noah,south,b,No,,,,,Information gathering,,Personal advice,,,,,Friendship/companionship,,P1163,,,,,
True,REDACTED,Somewhat agree,Somewhat agree,Neither agree nor disagree,Somewhat agree,Somewhat agree,Neither agree nor disagree,Neither agree nor disagree,Somewhat agree,Disagree,Disagree,Disagree,Disagree,Disagree,Disagree,Agree,Agree,Agree,Moderately,Moderately,Somewhat,Neither agree nor disagree,Somewhat disagree,Somewhat disagree,Disagree,Agree,Somewhat agree,Somewhat agree,Average,Average,Slightly worse than average,Slightly worse than average,Average,Somewhat worse than them,About the same,Somewhat worse than them,Slightly worse than them,About the same,Familiar,Familiar,Familiar,Never heard of it,Somewhat familiar,Familiar,Never heard of it,Never heard of it,Never heard of it,Never heard of it,Never heard of it,Familiar,Nunu,Pink,2,West,B,No,,,"Writing assistance (e.g., emails, documents)",,Information gathering,,Personal advice,,,Creative projects,,,,P0301,,,,,
True,REDACTED,Somewhat agree,Agree,Somewhat agree,Somewhat agree,Agree,Agree,Agree,Agree,Neither disagree nor agree,Agree,Neither disagree nor agree,Neither disagree nor agree,Neither disagree nor agree,Neither disagree nor agree,Disagree,Disagree,Neither disagree nor agree,Slightly,Somewhat,Not at all,Neither agree nor disagree,Neither agree nor disagree,Somewhat agree,Somewhat agree,Somewhat agree,Somewhat agree,Somewhat agree,Average,Average,Average,Average,Average,About the same,About the same,About the same,About the same,About the same,Very familiar,Very familiar,Very familiar,Never heard of it,Familiar,Familiar,Never heard of it,Never heard of it,Never heard of it,Never heard of it,Never heard of it,Very familiar,Mary,Pink,2,West,b,No,,,,,Information gathering,,,,Work tasks,,,,,P0591,,,,,
True,REDACTED,Somewhat agree,Agree,Somewhat disagree,Neither agree nor disagree,Somewhat agree,Neither agree nor disagree,Neither agree nor disagree,Somewhat agree,Agree,Disagree,Neither disagree nor agree,Agree,Disagree,Neither disagree nor agree,Agree,Disagree,Agree,Moderately,Somewhat,Quite a bit,Somewhat agree,Somewhat disagree,Somewhat agree,Agree,Somewhat agree,Somewhat disagree,Somewhat agree,Slightly better than average,Average,Somewhat better than average,Average,Slightly better than average,Somewhat better than them,Slightly better than them,Slightly worse than them,About the same,Slightly better than them,Familiar,Familiar,Very familiar,Slightly familiar,Very familiar,Never heard of it,Somewhat familiar,Never heard of it,Slightly familiar,Never heard of it,Slightly familiar,Very familiar,Nyny,pink,2,west,b,No,,,"Writing assistance (e.g., emails, documents)",,,,,,,,,,,P1034,,,,,
True,REDACTED,Strongly agree,Strongly disagree,Strongly agree,Somewhat agree,Strongly agree,Strongly disagree,Strongly agree,Strongly disagree,Disagree,Agree,Agree,Strongly agree,Strongly agree,Strongly agree,Strongly disagree,Strongly disagree,Strongly disagree,Very much,Not at all,Somewhat,Somewhat agree,Somewhat agree,Somewhat agree,Somewhat agree,Strongly agree,Strongly agree,Strongly agree,Average,Average,Average,Average,Average,Slightly better than them,Slightly better than them,About the same,Somewhat better than them,Slightly better than them,Very familiar,Very familiar,Very familiar,Never heard of it,Slightly familiar,Never heard of it,Never heard of it,Never heard of it,Never heard of it,Never heard of it,Never heard of it,Very familiar,Mary,there are no stairs inside the house,2,west,b,No,,,"Writing assistance (e.g., emails, documents)",,Information gathering,Brainstorming,Personal advice,Homework or studying,Work tasks,,,,,P0207,,,,,
True,REDACTED,Somewhat agree,Neither agree nor disagree,Somewhat agree,Somewhat agree,Somewhat agree,Neither agree nor disagree,Somewhat agree,Neither agree nor disagree,Strongly disagree,Strongly disagree,Strongly disagree,Strongly disagree,Strongly disagree,Strongly disagree,Agree,Agree,Agree,Somewhat,Moderately,Slightly,Neither agree nor disagree,Somewhat agree,Somewhat agree,Neither agree nor disagree,Somewhat agree,Somewhat agree,Somewhat agree,Slightly better than average,Average,Average,Slightly better than average,Slightly better than average,About the same,About the same,About the same,About the same,About the same,Familiar,Familiar,Familiar,Never heard of it,Familiar,Never heard of it,Never heard of it,Never heard of it,Never heard of it,Never heard of it,Slightly familiar,Familiar,Mary,pink,2,west,neither,Yes,GreenReef Conservation Initiative,1.0,"Writing assistance (e.g., emails, documents)",,Information gathering,,,,Work tasks,,,,,P1099,,,,,
True,REDACTED,Strongly agree,Neither agree nor disagree,Strongly agree,Somewhat agree,Somewhat agree,Somewhat disagree,Agree,Neither agree nor disagree,Agree,Agree,Agree,Strongly agree,Neither disagree nor agree,Agree,Disagree,Disagree,Disagree,Moderately,Moderately,Quite a bit,Neither agree nor disagree,Somewhat agree,Somewhat agree,Neither agree nor disagree,Somewhat agree,Strongly agree,Strongly agree,Slightly better than average,Average,Much better than average,Average,Average,Slightly better than them,Somewhat worse than them,Somewhat better than them,About the same,About the same,Somewhat familiar,Somewhat familiar,Familiar,Never heard of it,Never heard of it,Never heard of it,Never heard of it,Never heard of it,Never heard of it,Never heard of it,Never heard of it,Never heard of it,Mary,Pink,2,West,The yolk of the egg i white (b),Yes,Helping Paws Animal Wellness,1.0,,,,,Personal advice,,,,,,,P0305,,,,,
True,REDACTED,Neither agree nor disagree,Neither agree nor disagree,Agree,Agree,Somewhat agree,Somewhat agree,Strongly agree,Somewhat agree,Agree,Neither disagree nor agree,Agree,Neither disagree nor agree,Neither disagree nor agree,Neither disagree nor agree,Disagree,Disagree,Disagree,Quite a bit,Quite a bit,Moderately,Somewhat disagree,Somewhat disagree,Agree,Disagree,Agree,Agree,Strongly agree,Somewhat better than average,Average,Somewhat better than average,Slightly better than average,Somewhat better than average,Slightly better than them,About the same,Much better than them,Somewhat better than them,Somewhat better than them,Familiar,Very familiar,Very familiar,Never heard of it,Never heard of it,Somewhat familiar,Never heard of it,Never heard of it,Never heard of it,Never heard of it,Never heard of it,Very familiar,Nunu,Pink,2,West,b,No,,,,Coding,Information gathering,,,,Work tasks,,,,,P0663,,,,,
True,REDACTED,Somewhat agree,Somewhat agree,Agree,Agree,Somewhat disagree,Somewhat agree,Agree,Somewhat agree,Agree,Agree,Strongly agree,Agree,Agree,Agree,Strongly disagree,Strongly disagree,Strongly disagree,Slightly,Quite a bit,Somewhat,Somewhat agree,Agree,Agree,Somewhat agree,Somewhat agree,Agree,Somewhat agree,Average,Average,Slightly better than average,Slightly better than average,Slightly better than average,Slightly better than them,About the same,Slightly better than them,Somewhat better than them,Somewhat better than them,Familiar,Very familiar,Familiar,Never heard of it,Never heard of it,Never heard of it,Never heard of it,Never heard of it,Never heard of it,Never heard of it,Never heard of it,Never heard of it,nunu,pink,3,west,b,No,,,,,Information gathering,,Personal advice,,,,,,,P0707,,,,,
True,REDACTED,Strongly agree,Neither agree nor disagree,Agree,Somewhat agree,Somewhat agree,Somewhat disagree,Neither agree nor disagree,Neither agree nor disagree,Agree,Agree,Agree,Agree,Agree,Agree,Strongly disagree,Strongly disagree,Disagree,Very much,Very much,Not at all,Strongly agree,Somewhat agree,Neither agree nor disagree,Agree,Neither agree nor disagree,Somewhat disagree,Somewhat agree,Slightly better than average,Average,Somewhat better than average,Somewhat better than average,Average,About the same,About the same,Slightly better than them,Slightly better than them,About the same,Familiar,Slightly familiar,Somewhat familiar,Never heard of it,Never heard of it,Never heard of it,Never heard of it,Never heard of it,Never heard of it,Never heard of it,Never heard of it,Very familiar,Nicole.,Pink.,I have no idea. My best guess would be 100.,West.,(b),Yes,Helping Paws Animal Wellness,1.0,,,Information gathering,Brainstorming,,,,,,,,P1334,,,,,
True,REDACTED,Strongly agree,Somewhat agree,Strongly agree,Strongly agree,Strongly agree,Somewhat disagree,Strongly agree,Somewhat agree,Strongly agree,Strongly agree,Strongly agree,Strongly agree,Strongly agree,Strongly agree,Strongly disagree,Strongly disagree,Strongly disagree,Very much,Extremely,Quite a bit,Strongly agree,Strongly agree,Strongly agree,Strongly agree,Somewhat agree,Somewhat agree,Somewhat agree,Somewhat better than average,Somewhat better than average,Somewhat better than average,Somewhat better than average,Somewhat better than average,Somewhat better than them,Somewhat better than them,Somewhat better than them,Somewhat better than them,Somewhat better than them,Very familiar,Very familiar,Very familiar,Never heard of it,Very familiar,Very familiar,Very familiar,Never heard of it,Never heard of it,Never heard of it,Very familiar,Very familiar,mary,pink,2,west,b,No,,,"Writing assistance (e.g., emails, documents)",,Information gathering,Brainstorming,Personal advice,Homework or studying,Work tasks,Creative projects,,,,P1078,,,,,
True,REDACTED,Agree,Somewhat agree,Agree,Somewhat agree,Strongly agree,Neither agree nor disagree,Agree,Somewhat agree,Agree,Agree,Agree,Agree,Agree,Agree,Disagree,Strongly disagree,Strongly disagree,Moderately,Quite a bit,Not at all,Somewhat agree,Agree,Agree,Agree,Agree,Agree,Agree,Somewhat better than average,Slightly better than average,Somewhat better than average,Much better than average,Slightly better than average,Somewhat better than them,About the same,Slightly better than them,About the same,About the same,Familiar,Somewhat familiar,Familiar,Never heard of it,Somewhat familiar,Somewhat familiar,Never heard of it,Never heard of it,Never heard of it,Never heard of it,Never heard of it,Somewhat familiar,Mary,"There probably were none, as it is a one story house. If there were basement stairs, they would probably be pink.",,An electric train wouldn't exhaust any smoke.,Neither. Egg yolk should be yellow.,Yes,GreenReef Conservation Initiative,1.0,,,Information gathering,Brainstorming,,,,,,,,P0180,,,,,
True,REDACTED,Strongly agree,Somewhat disagree,Strongly agree,Agree,Strongly agree,Strongly disagree,Strongly agree,Disagree,Agree,Agree,Agree,Agree,Agree,Agree,Disagree,Disagree,Disagree,Moderately,Moderately,Not at all,Agree,Agree,Somewhat agree,Agree,Strongly agree,Strongly agree,Strongly agree,Somewhat better than average,Average,Much better than average,Much better than average,Somewhat better than average,About the same,About the same,About the same,About the same,About the same,Familiar,Very familiar,Familiar,Never heard of it,Somewhat familiar,Somewhat familiar,Never heard of it,Never heard of it,Never heard of it,Never heard of it,Never heard of it,Very familiar,Nunu,pink,two,West ,"b
",No,,,,,,Brainstorming,,,,Creative projects,,,,P0776,,,,,
True,REDACTED,Strongly agree,Somewhat agree,Strongly agree,Somewhat agree,Neither agree nor disagree,Strongly disagree,Strongly agree,Agree,Strongly agree,Strongly agree,Strongly agree,Strongly agree,Strongly agree,Strongly agree,Strongly disagree,Strongly disagree,Strongly disagree,Extremely,Extremely,Quite a bit,Strongly agree,Strongly agree,Agree,Agree,Agree,Agree,Agree,Average,Average,Average,Average,Average,About the same,About the same,About the same,About the same,About the same,Very familiar,Very familiar,Very familiar,Familiar,Very familiar,Slightly familiar,Familiar,Never heard of it,Never heard of it,Never heard of it,Slightly familiar,Very familiar,Mary,pink,2,north,The yolk of the egg is white,Yes,Young & Bright Education Fund,1.0,,,,,Personal advice,,,,,,,P0679,,,,,
True,REDACTED,Agree,Somewhat agree,Somewhat agree,Somewhat agree,Somewhat agree,Neither agree nor disagree,Somewhat agree,Neither agree nor disagree,Agree,Agree,Agree,Agree,Agree,Agree,Disagree,Neither disagree nor agree,Disagree,Quite a bit,Moderately,Somewhat,Somewhat agree,Somewhat agree,Agree,Somewhat agree,Agree,Somewhat agree,Somewhat agree,Average,Slightly better than average,Average,Slightly better than average,Slightly better than average,About the same,About the same,About the same,About the same,About the same,Familiar,Very familiar,Familiar,Never heard of it,Never heard of it,Never heard of it,Never heard of it,Never heard of it,Never heard of it,Never heard of it,Never heard of it,Very familiar,Mary,no stairs,0,West,the yolk of the egg is white’,Yes,Helping Paws Animal Wellness,1.0,"Writing assistance (e.g., emails, documents)",,Information gathering,Brainstorming,,,,,,,,P0562,,,,,
True,REDACTED,Somewhat agree,Somewhat agree,Agree,Somewhat agree,Disagree,Somewhat agree,Agree,Somewhat agree,Disagree,Disagree,Disagree,Agree,Agree,Agree,Disagree,Disagree,Disagree,Slightly,Somewhat,Not at all,Somewhat agree,Somewhat disagree,Somewhat disagree,Somewhat agree,Strongly agree,Strongly agree,Strongly agree,Slightly better than average,Average,Slightly better than average,Average,Average,About the same,Slightly worse than them,About the same,Slightly better than them,Slightly worse than them,Somewhat familiar,Very familiar,Familiar,Never heard of it,Never heard of it,Never heard of it,Never heard of it,Never heard of it,Never heard of it,Never heard of it,Never heard of it,Very familiar,Mary,pink,2,west,b,No,,,"Writing assistance (e.g., emails, documents)",,Information gathering,Brainstorming,,Homework or studying,,,,,,P1323,,,,,
True,REDACTED,Strongly agree,Strongly disagree,Strongly agree,Neither agree nor disagree,Agree,Somewhat disagree,Strongly agree,Somewhat disagree,Agree,Agree,Agree,Agree,Agree,Agree,Strongly disagree,Strongly disagree,Strongly disagree,Very much,Very much,Slightly,Agree,Agree,Agree,Agree,Somewhat agree,Somewhat agree,Strongly agree,Somewhat better than average,Somewhat better than average,Somewhat better than average,Somewhat better than average,Somewhat better than average,About the same,About the same,Somewhat better than them,Somewhat better than them,About the same,Very familiar,Very familiar,Very familiar,Never heard of it,Never heard of it,Never heard of it,Never heard of it,Never heard of it,Never heard of it,Never heard of it,Never heard of it,Very familiar,Mary,pink,2,northwest,b,No,,,"Writing assistance (e.g., emails, documents)",,Information gathering,,,,,,,,,P0130,,,,,
True,REDACTED,Agree,Somewhat agree,Agree,Agree,Agree,Disagree,Agree,Strongly agree,Agree,Neither disagree nor agree,Disagree,Disagree,Disagree,Disagree,Neither disagree nor agree,Disagree,Disagree,Quite a bit,Extremely,Moderately,Strongly agree,Agree,Agree,Somewhat agree,Somewhat agree,Somewhat agree,Agree,Slightly better than average,Somewhat better than average,Somewhat better than average,Much better than average,Somewhat better than average,About the same,Slightly better than them,Slightly better than them,Somewhat better than them,Somewhat better than them,Very familiar,Somewhat familiar,Familiar,Slightly familiar,Familiar,Somewhat familiar,Never heard of it,Never heard of it,Never heard of it,Never heard of it,Never heard of it,Somewhat familiar,Nalapink,pink,2 of each species,straight up,b,Yes,Helping Paws Animal Wellness,2.0,"Writing assistance (e.g., emails, documents)",,Information gathering,,Personal advice,,,Creative projects,Therapy,,,P1066,,,,,
True,REDACTED,Strongly agree,Strongly disagree,Agree,Somewhat agree,Somewhat disagree,Strongly disagree,Agree,Neither agree nor disagree,Strongly agree,Agree,Agree,Strongly agree,Agree,Strongly agree,Strongly disagree,Strongly disagree,Strongly disagree,Quite a bit,Very much,Extremely,Agree,Agree,Strongly agree,Somewhat agree,Neither agree nor disagree,Somewhat agree,Somewhat agree,Much better than average,Much better than average,Much better than average,Somewhat better than average,Much better than average,Somewhat better than them,Much better than them,Much better than them,Much better than them,Somewhat better than them,Somewhat familiar,Very familiar,Very familiar,Somewhat familiar,Familiar,Familiar,Very familiar,Somewhat familiar,Familiar,Slightly familiar,Familiar,Very familiar,Mary,pink,two,electric train has no smoke,the yolk of the egg is white,Yes,Young & Bright Education Fund,1.0,,,,Brainstorming,Personal advice,Homework or studying,Work tasks,Creative projects,Therapy,Friendship/companionship,,P0710,,,,,
True,REDACTED,Strongly agree,Strongly disagree,Strongly agree,Agree,Somewhat agree,Strongly disagree,Agree,Somewhat agree,Agree,Agree,Agree,Agree,Agree,Strongly agree,Strongly disagree,Strongly disagree,Strongly disagree,Moderately,Quite a bit,Not at all,Strongly agree,Agree,Strongly agree,Somewhat agree,Somewhat agree,Somewhat agree,Agree,Average,Somewhat better than average,Somewhat better than average,Much better than average,Slightly better than average,About the same,About the same,Somewhat better than them,Much better than them,About the same,Familiar,Never heard of it,Somewhat familiar,Never heard of it,Never heard of it,Never heard of it,Never heard of it,Never heard of it,Never heard of it,Never heard of it,Never heard of it,Never heard of it,Mary,pink,2,west,b,Yes,Young & Bright Education Fund,1.0,,,Information gathering,Brainstorming,,,,,,,,P0961,,,,,
True,REDACTED,Agree,Somewhat agree,Somewhat agree,Somewhat agree,Agree,Somewhat agree,Agree,Somewhat agree,Disagree,Agree,Agree,Agree,Agree,Agree,Disagree,Disagree,Disagree,Very much,Moderately,Somewhat,Agree,Agree,Agree,Agree,Somewhat agree,Somewhat agree,Somewhat agree,Slightly better than average,Slightly better than average,Somewhat better than average,Slightly better than average,Average,Somewhat better than them,Slightly better than them,Slightly better than them,Slightly better than them,Slightly better than them,Familiar,Familiar,Somewhat familiar,Never heard of it,Somewhat familiar,Somewhat familiar,Never heard of it,Never heard of it,Never heard of it,Never heard of it,Never heard of it,Very familiar,nunu,pink,2,west,neither,No,,,"Writing assistance (e.g., emails, documents)",,,Brainstorming,Personal advice,,,,,,,P0929,,,,,
True,REDACTED,Strongly agree,Disagree,Strongly agree,Strongly agree,Strongly agree,Strongly disagree,Strongly agree,Disagree,Strongly disagree,Strongly disagree,Disagree,Strongly disagree,Strongly disagree,Strongly disagree,Strongly agree,Strongly agree,Strongly agree,Somewhat,Slightly,Not at all,Strongly disagree,Strongly disagree,Disagree,Strongly disagree,Somewhat agree,Somewhat agree,Somewhat agree,Somewhat better than average,Much better than average,Much better than average,Slightly better than average,Average,Slightly better than them,Somewhat better than them,Much better than them,About the same,About the same,Familiar,Familiar,Familiar,Never heard of it,Never heard of it,Slightly familiar,Never heard of it,Never heard of it,Never heard of it,Never heard of it,Never heard of it,Familiar,Mary,pink,2,west,b,No,,,,,Information gathering,Brainstorming,,,,Creative projects,,,,P0763,,,,,
True,REDACTED,Neither agree nor disagree,Somewhat agree,Neither agree nor disagree,Somewhat agree,Neither agree nor disagree,Neither agree nor disagree,Somewhat agree,Neither agree nor disagree,Agree,Agree,Agree,Agree,Agree,Agree,Disagree,Disagree,Disagree,Moderately,Moderately,Somewhat,Agree,Agree,Agree,Agree,Somewhat agree,Somewhat agree,Somewhat agree,Slightly better than average,Slightly better than average,Slightly better than average,Slightly better than average,Slightly better than average,About the same,About the same,About the same,About the same,About the same,Familiar,Slightly familiar,Familiar,Never heard of it,Familiar,Slightly familiar,Somewhat familiar,Familiar,Slightly familiar,Somewhat familiar,Slightly familiar,Slightly familiar,Mary,pink,0,west,b,Yes,GreenReef Conservation Initiative,2.0,"Writing assistance (e.g., emails, documents)",,Information gathering,,Personal advice,,,,,,,P0242,,,,,
True,REDACTED,Agree,Somewhat agree,Somewhat agree,Strongly agree,Somewhat agree,Somewhat disagree,Agree,Neither agree nor disagree,Agree,Strongly agree,Strongly agree,Strongly agree,Agree,Agree,Disagree,Disagree,Disagree,Quite a bit,Extremely,Moderately,Agree,Agree,Strongly agree,Agree,Somewhat agree,Agree,Agree,Slightly better than average,Average,Somewhat better than average,Slightly better than average,Somewhat better than average,Slightly better than them,About the same,Slightly better than them,Somewhat better than them,Somewhat better than them,Familiar,Very familiar,Very familiar,Never heard of it,Familiar,Familiar,Never heard of it,Never heard of it,Slightly familiar,Never heard of it,Somewhat familiar,Very familiar,Mary,Pink,2,West,(b) 'the yok of the egg is white',No,,,"Writing assistance (e.g., emails, documents)",,Information gathering,Brainstorming,Personal advice,,Work tasks,,,,,P0989,,,,,
True,REDACTED,Agree,Somewhat disagree,Agree,Somewhat disagree,Agree,Disagree,Agree,Somewhat disagree,Agree,Agree,Neither disagree nor agree,Agree,Agree,Agree,Disagree,Disagree,Disagree,Moderately,Somewhat,Not at all,Somewhat agree,Somewhat agree,Agree,Somewhat agree,Somewhat disagree,Somewhat disagree,Somewhat disagree,Average,Average,Average,Slightly better than average,Average,About the same,About the same,About the same,Slightly better than them,About the same,Somewhat familiar,Somewhat familiar,Somewhat familiar,Never heard of it,Never heard of it,Somewhat familiar,Never heard of it,Never heard of it,Never heard of it,Never heard of it,Never heard of it,Somewhat familiar,Mary,pink,2,west,b,No,,,"Writing assistance (e.g., emails, documents)",,,Brainstorming,,,,,,,,P0611,,,,,
True,REDACTED,Strongly agree,Disagree,Agree,Neither agree nor disagree,Somewhat agree,Disagree,Agree,Disagree,Disagree,Disagree,Disagree,Disagree,Disagree,Disagree,Neither disagree nor agree,Neither disagree nor agree,Neither disagree nor agree,Not at all,Slightly,Not at all,Disagree,Disagree,Disagree,Disagree,Agree,Agree,Agree,Somewhat worse than average,Somewhat worse than average,Slightly better than average,Somewhat worse than average,Somewhat worse than average,Much worse than them,Much worse than them,Much worse than them,Much worse than them,Much worse than them,Familiar,Familiar,Familiar,Never heard of it,Familiar,Familiar,Never heard of it,Never heard of it,Never heard of it,Never heard of it,Never heard of it,Familiar,Mary,"A one story house might imply no stairs exist. But their is the possibility of a basement existing in the house, in which case the stairs would be pink. ",2,west,b,No,,,,,Information gathering,Brainstorming,,,,,,,,P0842,,,,,
True,REDACTED,Somewhat agree,Somewhat disagree,Agree,Somewhat agree,Agree,Somewhat agree,Agree,Somewhat disagree,Strongly agree,Agree,Agree,Strongly agree,Strongly agree,Strongly agree,Strongly disagree,Strongly disagree,Strongly disagree,Very much,Quite a bit,Somewhat,Agree,Strongly agree,Strongly agree,Agree,Agree,Agree,Agree,Slightly better than average,Somewhat better than average,Somewhat better than average,Much better than average,Somewhat better than average,Slightly better than them,About the same,About the same,Slightly better than them,Slightly better than them,Very familiar,Never heard of it,Familiar,Never heard of it,Never heard of it,Never heard of it,Never heard of it,Never heard of it,Never heard of it,Never heard of it,Never heard of it,Very familiar,mary,its a one story house there are no stairs,none it was noah,electric trains do not produce smoke,neither the yolk is yellow,No,,,"Writing assistance (e.g., emails, documents)",,Information gathering,Brainstorming,,,Work tasks,Creative projects,,,,P0374,,,,,
True,REDACTED,Neither agree nor disagree,Neither agree nor disagree,Strongly agree,Neither agree nor disagree,Strongly agree,Neither agree nor disagree,Strongly agree,Neither agree nor disagree,Agree,Agree,Agree,Agree,Agree,Agree,Strongly disagree,Strongly disagree,Strongly disagree,Very much,Extremely,Not at all,Agree,Agree,Agree,Agree,Strongly disagree,Strongly disagree,Disagree,Average,Somewhat better than average,Average,Slightly better than average,Slightly better than average,About the same,Slightly better than them,About the same,About the same,Slightly better than them,Very familiar,Familiar,Very familiar,Somewhat familiar,Never heard of it,Familiar,Somewhat familiar,Never heard of it,Never heard of it,Never heard of it,Somewhat familiar,Very familiar,Nrnr,pink,2,west,Grammar wise B is. However the yoke of the egg Is yellow not white,No,,,"Writing assistance (e.g., emails, documents)",,,,,Homework or studying,,,,,,P0175,,,,,
True,REDACTED,Agree,Somewhat agree,Agree,Strongly agree,Strongly agree,Somewhat disagree,Agree,Somewhat agree,Agree,Agree,Strongly agree,Neither disagree nor agree,Disagree,Disagree,Agree,Agree,Agree,Extremely,Very much,Slightly,Agree,Agree,Strongly agree,Agree,Somewhat disagree,Disagree,Disagree,Slightly better than average,Somewhat better than average,Somewhat better than average,Much better than average,Somewhat better than average,About the same,About the same,Slightly better than them,Somewhat better than them,Slightly better than them,Very familiar,Very familiar,Very familiar,Familiar,Very familiar,Familiar,Never heard of it,Never heard of it,Never heard of it,Never heard of it,Familiar,Very familiar,Mary,There were no stairs in the one-storey house,2,west,(b) 'the yolk of the egg is white',Yes,Helping Paws Animal Wellness,1.0,,Coding,Information gathering,Brainstorming,,,Work tasks,Creative projects,,,,P0057,,,,,
True,REDACTED,Strongly agree,Somewhat disagree,Strongly agree,Neither agree nor disagree,Somewhat agree,Strongly disagree,Agree,Strongly disagree,Neither disagree nor agree,Neither disagree nor agree,Neither disagree nor agree,Agree,Agree,Agree,Strongly disagree,Strongly disagree,Strongly disagree,Quite a bit,Very much,Very much,Agree,Agree,Agree,Neither agree nor disagree,Neither agree nor disagree,Neither agree nor disagree,Neither agree nor disagree,Slightly better than average,Slightly better than average,Somewhat better than average,Slightly better than average,Slightly better than average,About the same,About the same,About the same,About the same,About the same,Never heard of it,Very familiar,Very familiar,Never heard of it,Somewhat familiar,Never heard of it,Never heard of it,Never heard of it,Never heard of it,Never heard of it,Never heard of it,Very familiar,Mary,There are no stairs,2,Electric trains never give out smoke,,No,,,"Writing assistance (e.g., emails, documents)",,Information gathering,Brainstorming,Personal advice,,Work tasks,,,,,P1274,,,,,
True,REDACTED,Agree,Strongly disagree,Agree,Strongly agree,Strongly agree,Strongly disagree,Agree,Strongly disagree,Agree,Strongly agree,Strongly agree,Strongly agree,Strongly agree,Agree,Strongly disagree,Strongly disagree,Strongly disagree,Very much,Quite a bit,Quite a bit,Agree,Strongly agree,Agree,Strongly agree,Strongly disagree,Somewhat disagree,Strongly disagree,Somewhat better than average,Somewhat better than average,Slightly better than average,Slightly better than average,Somewhat better than average,Somewhat better than them,About the same,Slightly better than them,Slightly worse than them,Somewhat better than them,Familiar,Very familiar,Very familiar,Somewhat familiar,Familiar,Familiar,Never heard of it,Somewhat familiar,Never heard of it,Slightly familiar,Familiar,Very familiar,Nunu,Pink,Countless.,West,the yolk of the egg is white,No,,,"Writing assistance (e.g., emails, documents)",,Information gathering,Brainstorming,Personal advice,Homework or studying,Work tasks,Creative projects,Therapy,Friendship/companionship,,P1061,,,,,
True,REDACTED,Strongly agree,Somewhat agree,Agree,Agree,Agree,Disagree,Strongly agree,Somewhat disagree,Agree,Agree,Agree,Agree,Agree,Agree,Disagree,Disagree,Disagree,Moderately,Quite a bit,Somewhat,Somewhat agree,Somewhat agree,Somewhat agree,Somewhat agree,Agree,Agree,Strongly agree,Somewhat better than average,Average,Somewhat better than average,Average,Somewhat better than average,Slightly better than them,About the same,Slightly better than them,About the same,Slightly better than them,Very familiar,Very familiar,Very familiar,Never heard of it,Familiar,Familiar,Slightly familiar,Never heard of it,Never heard of it,Never heard of it,Never heard of it,Very familiar,Mary,There were no stairs (its a one storey house),,No smoke it is an electric train,"b, the yolk of the egg is white",Yes,GreenReef Conservation Initiative,1.0,"Writing assistance (e.g., emails, documents)",,Information gathering,Brainstorming,,,Work tasks,Creative projects,,,,P1289,,,,,
True,REDACTED,Agree,Somewhat disagree,Agree,Agree,Strongly agree,Somewhat disagree,Agree,Somewhat disagree,Agree,Agree,Agree,Agree,Agree,Agree,Disagree,Disagree,Disagree,Quite a bit,Extremely,Moderately,Agree,Agree,Agree,Agree,Agree,Agree,Agree,Average,Slightly better than average,Slightly better than average,Average,Slightly better than average,About the same,Slightly better than them,Slightly better than them,About the same,Slightly better than them,Very familiar,Very familiar,Very familiar,Never heard of it,Familiar,Familiar,Never heard of it,Never heard of it,Familiar,Never heard of it,Never heard of it,Very familiar,Mary,There are no stairs it is a one story building. ,"Moses was not the person in the story of the ark, Noah was. ",There is no smoke from the train because it is electric. ,B,No,,,"Writing assistance (e.g., emails, documents)",,Information gathering,,Personal advice,,,,Therapy,Friendship/companionship,,P0299,,,,,
True,REDACTED,Neither agree nor disagree,Agree,Somewhat agree,Strongly agree,Somewhat disagree,Agree,Somewhat agree,Somewhat agree,Agree,Strongly agree,Strongly agree,Strongly agree,Strongly agree,Agree,Strongly disagree,Strongly disagree,Strongly disagree,Somewhat,Very much,Not at all,Agree,Strongly agree,Agree,Agree,Agree,Agree,Strongly agree,Somewhat better than average,Somewhat better than average,Average,Much better than average,Much better than average,About the same,About the same,About the same,About the same,About the same,Very familiar,Familiar,Very familiar,Never heard of it,Familiar,Familiar,Never heard of it,Never heard of it,Never heard of it,Never heard of it,Never heard of it,Familiar,Mary,there were no stairs,2,there is no smoke,b,No,,,,Coding,Information gathering,Brainstorming,,,Work tasks,,,,,P1309,,,,,
True,REDACTED,Somewhat agree,Somewhat agree,Somewhat agree,Agree,Somewhat agree,Somewhat disagree,Somewhat agree,Neither agree nor disagree,Neither disagree nor agree,Neither disagree nor agree,Agree,Disagree,Disagree,Disagree,Neither disagree nor agree,Neither disagree nor agree,Agree,Very much,Moderately,Not at all,Somewhat agree,Somewhat agree,Somewhat agree,Somewhat agree,Somewhat agree,Somewhat agree,Somewhat agree,Average,Average,Average,Average,Average,About the same,Slightly better than them,About the same,Slightly better than them,About the same,Familiar,Very familiar,Very familiar,Never heard of it,Very familiar,Somewhat familiar,Never heard of it,Never heard of it,Never heard of it,Never heard of it,Never heard of it,Very familiar,mary,pink,2,west,b,No,,,,,,,,,,,,,I have not used AI chatbots before,P0916,,,,,
True,REDACTED,Agree,Somewhat disagree,Strongly agree,Agree,Somewhat agree,Somewhat agree,Strongly agree,Neither agree nor disagree,Disagree,Disagree,Neither disagree nor agree,Disagree,Disagree,Disagree,Agree,Neither disagree nor agree,Agree,Slightly,Somewhat,Not at all,Disagree,Disagree,Disagree,Disagree,Agree,Agree,Agree,Much better than average,Much better than average,Much better than average,Much better than average,Much better than average,Somewhat better than them,About the same,Much better than them,Somewhat better than them,Much better than them,Familiar,Familiar,Somewhat familiar,Never heard of it,Somewhat familiar,Familiar,Never heard of it,Never heard of it,Never heard of it,Never heard of it,Never heard of it,Familiar,mary,no stairs,2,towards the east,b (but really neither because really yolk is yellow),No,,,,,Information gathering,,,,,Creative projects,,,,P1175,,,,,
True,REDACTED,Strongly agree,Agree,Somewhat agree,Strongly agree,Somewhat agree,Disagree,Agree,Agree,Agree,Strongly agree,Strongly agree,Agree,Strongly disagree,Neither disagree nor agree,Agree,Agree,Agree,Quite a bit,Very much,Not at all,Agree,Agree,Agree,Agree,Strongly agree,Strongly agree,Strongly agree,Much better than average,Average,Slightly better than average,Slightly better than average,Slightly better than average,Much better than them,About the same,About the same,Slightly better than them,About the same,Very familiar,Familiar,Very familiar,Never heard of it,Very familiar,Familiar,Never heard of it,Never heard of it,Never heard of it,Never heard of it,Never heard of it,Somewhat familiar,Mary,pink,2,west,b,No,,,,,,,,Homework or studying,,,,,,P0101,,,,,
True,REDACTED,Strongly agree,Disagree,Agree,Disagree,Neither agree nor disagree,Somewhat disagree,Agree,Strongly disagree,Disagree,Disagree,Disagree,Strongly disagree,Strongly disagree,Strongly disagree,Neither disagree nor agree,Neither disagree nor agree,Disagree,Somewhat,Moderately,Moderately,Somewhat disagree,Disagree,Disagree,Somewhat agree,Neither agree nor disagree,Neither agree nor disagree,Somewhat agree,Slightly better than average,Somewhat worse than average,Somewhat better than average,Slightly worse than average,Slightly better than average,Somewhat better than them,About the same,Slightly better than them,About the same,About the same,Familiar,Familiar,Familiar,Never heard of it,Slightly familiar,Never heard of it,Never heard of it,Never heard of it,Never heard of it,Never heard of it,Never heard of it,Somewhat familiar,Mary,pink,2,west,b,No,,,,,Information gathering,Brainstorming,Personal advice,,,Creative projects,,Friendship/companionship,,P1404,,,,,
True,REDACTED,Agree,Somewhat agree,Neither agree nor disagree,Somewhat agree,Somewhat agree,Neither agree nor disagree,Neither agree nor disagree,Somewhat agree,Agree,Neither disagree nor agree,Strongly agree,Agree,Strongly agree,Agree,Disagree,Neither disagree nor agree,Neither disagree nor agree,Quite a bit,Quite a bit,Very much,Somewhat agree,Agree,Strongly agree,Somewhat agree,Neither agree nor disagree,Somewhat agree,Agree,Slightly better than average,Much better than average,Somewhat better than average,Slightly better than average,Slightly better than average,Slightly better than them,Much better than them,Somewhat better than them,Slightly better than them,Somewhat better than them,Familiar,Very familiar,Very familiar,Familiar,Never heard of it,Somewhat familiar,Familiar,Never heard of it,Slightly familiar,Never heard of it,Somewhat familiar,Somewhat familiar,Mary ,There was no stairs it’s a one story house ,None! Josh built the ark ,Doesn’t blow anywhere ,B,Yes,Helping Paws Animal Wellness,1.25,,,,Brainstorming,Personal advice,,,Creative projects,Therapy,,,P0973,,,,,
True,REDACTED,Agree,Strongly agree,Somewhat agree,Agree,Strongly agree,Neither agree nor disagree,Somewhat agree,Agree,Agree,Strongly agree,Agree,Agree,Neither disagree nor agree,Strongly agree,Agree,Strongly agree,Agree,Quite a bit,Moderately,Very much,Agree,Somewhat agree,Neither agree nor disagree,Strongly agree,Agree,Somewhat agree,Strongly agree,Slightly better than average,Average,Slightly worse than average,Somewhat better than average,Slightly better than average,Somewhat better than them,Slightly better than them,Much better than them,Somewhat better than them,Slightly worse than them,Very familiar,Never heard of it,Familiar,Slightly familiar,Never heard of it,Never heard of it,Somewhat familiar,Slightly familiar,Slightly familiar,Very familiar,Never heard of it,Never heard of it,Mary,No stairs,none,No smoke,the yolk of the egg is white,No,,,"Writing assistance (e.g., emails, documents)",,,,,Homework or studying,Work tasks,Creative projects,,,,P1079,,,,,
True,REDACTED,Somewhat agree,Somewhat disagree,Somewhat agree,Somewhat agree,Neither agree nor disagree,Somewhat disagree,Agree,Somewhat agree,Agree,Agree,Agree,Agree,Agree,Agree,Disagree,Disagree,Disagree,Very much,Quite a bit,Slightly,Agree,Agree,Agree,Agree,Agree,Agree,Agree,Somewhat better than average,Average,Somewhat better than average,Slightly better than average,Somewhat better than average,Slightly better than them,About the same,Somewhat better than them,About the same,Slightly better than them,Very familiar,Very familiar,Very familiar,Never heard of it,Very familiar,Very familiar,Never heard of it,Never heard of it,Never heard of it,Never heard of it,Never heard of it,Very familiar,Mary.,"In a one-storey house, there are no stairs to another floor.","It was Noah, not Moses, who constructed the ark.",No smoke from an electric train.,"""The yolk of the egg is white"" is a correct sentence, even if factually inaccurate. But the yolk of an egg is yellow more often than not. ",Yes,GreenReef Conservation Initiative,1.0,,,Information gathering,,,Homework or studying,Work tasks,,,,,P0419,,,,,
True,REDACTED,Somewhat agree,Somewhat disagree,Neither agree nor disagree,Neither agree nor disagree,Neither agree nor disagree,Somewhat agree,Neither agree nor disagree,Somewhat disagree,Disagree,Disagree,Disagree,Disagree,Disagree,Disagree,Disagree,Disagree,Disagree,Quite a bit,Moderately,Slightly,Somewhat disagree,Somewhat disagree,Somewhat disagree,Somewhat disagree,Neither agree nor disagree,Neither agree nor disagree,Strongly agree,Average,Slightly better than average,Slightly better than average,Slightly better than average,Slightly better than average,Slightly worse than them,About the same,Slightly worse than them,Slightly better than them,About the same,Familiar,Familiar,Familiar,Never heard of it,Never heard of it,Slightly familiar,Never heard of it,Never heard of it,Never heard of it,Never heard of it,Never heard of it,Familiar,Mary,"Its a one-story house so the trick here is that you're supposed to say ""there are no stairs"", but many one storey homes may still have stairs in one way or another. A one storey house may have porch stairs, or stairs leading up to a bed or a bathtub, or maybe a raised room that requires at least one stair to step up. Maybe this house has a doll house inside it and the doll house has stairs inside it. Maybe the house has a staircase leading to an attic or a maintenance area under the roof. I personally live in a one storey dwelling that have stairs leading up to my front porch and stairs leading out the back door, The way this question is worded ASSUMES there are stairs in this pink house which is a perfectly reasonable assumption. Therefore, the correct answer to this question is PINK. THE COLOR OF THE STAIRS THAT HAVE BEEN ESTABLISHED BY A DEGREE OF CONTEXT IN THE PREVIOUS QUESTION DO INDEED EXIST IN THE HOUSE ARE PROBABLY PINK.",at least two and oftentimes more I think,"Electric trains don't blow smoke. However, assuming you are speaking about a locomotive separate from the electric train you mentioned, it would blow in the direction of the wind. In this case it would be west. ",b,No,,,,,Information gathering,,,,,,,,,P1396,,,,,
True,REDACTED,Agree,Somewhat disagree,Strongly agree,Strongly agree,Agree,Strongly agree,Strongly agree,Agree,Disagree,Agree,Agree,Agree,Agree,Neither disagree nor agree,Disagree,Disagree,Disagree,Very much,Somewhat,Quite a bit,Agree,Agree,Agree,Agree,Somewhat disagree,Somewhat disagree,Somewhat disagree,Much better than average,Somewhat better than average,Somewhat better than average,Somewhat better than average,Much better than average,Much better than them,About the same,Somewhat better than them,Somewhat better than them,Somewhat better than them,Very familiar,Very familiar,Somewhat familiar,Never heard of it,Never heard of it,Never heard of it,Never heard of it,Never heard of it,Never heard of it,Never heard of it,Slightly familiar,Very familiar,Mary,No stairs as this is only a one story home.,"Moses didn't build the ark, Noah did!",It doesnt blow either direction.,the yolk of the egg is white,No,,,,,Information gathering,,Personal advice,,Work tasks,,,,,P1044,,,,,
True,REDACTED,Agree,Somewhat disagree,Agree,Strongly agree,Strongly agree,Somewhat disagree,Agree,Somewhat disagree,Agree,Agree,Agree,Agree,Agree,Agree,Disagree,Disagree,Disagree,Quite a bit,Somewhat,Moderately,Agree,Agree,Agree,Agree,Agree,Agree,Agree,Average,Average,Slightly better than average,Slightly better than average,Slightly better than average,About the same,About the same,Slightly better than them,Slightly better than them,Slightly better than them,Familiar,Familiar,Familiar,Never heard of it,Familiar,Slightly familiar,Never heard of it,Never heard of it,Never heard of it,Never heard of it,Never heard of it,Familiar,Mary,pink,2 ,north,neither,Yes,Young & Bright Education Fund,1.0,"Writing assistance (e.g., emails, documents)",,Information gathering,,Personal advice,,,Creative projects,,,,P0521,,,,,
True,REDACTED,Somewhat agree,Somewhat agree,Neither agree nor disagree,Agree,Somewhat agree,Agree,Somewhat agree,Agree,Disagree,Disagree,Neither disagree nor agree,Neither disagree nor agree,Neither disagree nor agree,Neither disagree nor agree,Neither disagree nor agree,Agree,Disagree,Somewhat,Somewhat,Not at all,Neither agree nor disagree,Somewhat agree,Somewhat agree,Neither agree nor disagree,Neither agree nor disagree,Neither agree nor disagree,Neither agree nor disagree,Much better than average,Slightly better than average,Slightly worse than average,Average,Slightly worse than average,Somewhat better than them,About the same,Slightly worse than them,Slightly worse than them,Somewhat worse than them,Familiar,Familiar,Familiar,Never heard of it,Never heard of it,Familiar,Never heard of it,Never heard of it,Never heard of it,Never heard of it,Never heard of it,Familiar,Mary,pink,0,west,b,Yes,Helping Paws Animal Wellness,1.5,,,Information gathering,,,,,,,,,P0152,,,,,
True,REDACTED,Somewhat agree,Disagree,Agree,Agree,Somewhat agree,Neither agree nor disagree,Somewhat agree,Neither agree nor disagree,Disagree,Disagree,Strongly disagree,Strongly disagree,Strongly disagree,Strongly disagree,Agree,Agree,Agree,Somewhat,Quite a bit,Not at all,Neither agree nor disagree,Neither agree nor disagree,Neither agree nor disagree,Neither agree nor disagree,Somewhat agree,Neither agree nor disagree,Neither agree nor disagree,Average,Average,Slightly better than average,Slightly worse than average,Slightly worse than average,About the same,About the same,Slightly better than them,Slightly worse than them,Slightly worse than them,Very familiar,Very familiar,Very familiar,Never heard of it,Never heard of it,Never heard of it,Never heard of it,Never heard of it,Never heard of it,Never heard of it,Never heard of it,Very familiar,nina,pink,0,from south to north,b,No,,,,,Information gathering,Brainstorming,,,,,,,,P0665,,,,,
True,REDACTED,Agree,Disagree,Agree,Agree,Disagree,Disagree,Agree,Disagree,Agree,Agree,Agree,Agree,Agree,Agree,Disagree,Disagree,Disagree,Very much,Very much,Moderately,Agree,Agree,Agree,Agree,Agree,Agree,Agree,Somewhat better than average,Somewhat better than average,Somewhat better than average,Somewhat better than average,Somewhat better than average,Slightly better than them,Slightly better than them,Slightly better than them,Slightly better than them,Slightly better than them,Somewhat familiar,Familiar,Familiar,Slightly familiar,Familiar,Never heard of it,Somewhat familiar,Familiar,Familiar,Familiar,Familiar,Familiar,Mary,Pink,I dont know,N/a,B,No,,,"Writing assistance (e.g., emails, documents)",,Information gathering,Brainstorming,Personal advice,Homework or studying,Work tasks,Creative projects,,,,P1316,,,,,
True,REDACTED,Strongly agree,Agree,Agree,Somewhat agree,Agree,Disagree,Strongly agree,Somewhat disagree,Agree,Agree,Agree,Agree,Agree,Agree,Strongly disagree,Strongly disagree,Strongly disagree,Moderately,Quite a bit,Slightly,Somewhat agree,Somewhat agree,Agree,Somewhat agree,Somewhat agree,Somewhat agree,Agree,Somewhat better than average,Average,Somewhat better than average,Average,Slightly better than average,About the same,About the same,About the same,About the same,Slightly better than them,Very familiar,Very familiar,Very familiar,Slightly familiar,Very familiar,Very familiar,Never heard of it,Never heard of it,Never heard of it,Never heard of it,Somewhat familiar,Very familiar,Mary,pink,Two,West,B,Yes,Young & Bright Education Fund,1.0,"Writing assistance (e.g., emails, documents)",,Information gathering,,,,,,,,,P0443,,,,,
True,REDACTED,Agree,Neither agree nor disagree,Agree,Agree,Agree,Somewhat disagree,Agree,Somewhat disagree,Agree,Agree,Agree,Agree,Agree,Agree,Strongly disagree,Disagree,Disagree,Very much,Quite a bit,Not at all,Somewhat agree,Somewhat agree,Agree,Agree,Somewhat agree,Somewhat agree,Somewhat agree,Somewhat better than average,Average,Slightly better than average,Slightly better than average,Average,Slightly better than them,About the same,Slightly better than them,Slightly better than them,About the same,Familiar,Familiar,Familiar,Never heard of it,Familiar,Familiar,Never heard of it,Never heard of it,Never heard of it,Never heard of it,Never heard of it,Familiar,NuNu,pink,2,west,b,No,,,,Coding,,,,,,,,,,P0367,,,,,
True,REDACTED,Agree,Disagree,Somewhat agree,Neither agree nor disagree,Strongly agree,Somewhat disagree,Strongly agree,Neither agree nor disagree,Disagree,Neither disagree nor agree,Disagree,Agree,Neither disagree nor agree,Neither disagree nor agree,Disagree,Disagree,Disagree,Somewhat,Not at all,Quite a bit,Neither agree nor disagree,Neither agree nor disagree,Neither agree nor disagree,Neither agree nor disagree,Agree,Agree,Agree,Somewhat better than average,Average,Slightly better than average,Average,Average,About the same,About the same,About the same,About the same,About the same,Familiar,Familiar,Very familiar,Never heard of it,Familiar,Very familiar,Never heard of it,Never heard of it,Never heard of it,Never heard of it,Never heard of it,Very familiar,Mary,"in America there probably wouldn't be stairs. I think England and/or Europe use different terms for floors, so not sure if they would use different terms here. ",2 I think? I don't know the bible,an electric train probably shouldn't smoke but whatever emissions would blow west,Neither because the yolk is yellow,No,,,,,,,Personal advice,,,Creative projects,Therapy,,,P0091,,,,,
True,REDACTED,Strongly agree,Disagree,Strongly agree,Agree,Strongly agree,Agree,Strongly agree,Somewhat disagree,Agree,Agree,Agree,Agree,Agree,Agree,Strongly disagree,Strongly disagree,Strongly disagree,Very much,Very much,Not at all,Agree,Agree,Agree,Agree,Disagree,Disagree,Disagree,Somewhat better than average,Slightly better than average,Somewhat better than average,Average,Somewhat better than average,Somewhat better than them,About the same,Slightly better than them,Slightly worse than them,Slightly better than them,Very familiar,Very familiar,Familiar,Never heard of it,Familiar,Never heard of it,Never heard of it,Never heard of it,Never heard of it,Never heard of it,Never heard of it,Very familiar,Mary,There were no stairs in a one storey house (not counting entrance or basement stairs),2,west,b - the yolk is white,No,,,,,Information gathering,,,,,,,,,P0159,,,,,
True,REDACTED,Agree,Somewhat agree,Agree,Agree,Somewhat agree,Neither agree nor disagree,Agree,Neither agree nor disagree,Agree,Agree,Agree,Agree,Agree,Agree,Strongly disagree,Strongly disagree,Strongly disagree,Quite a bit,Quite a bit,Not at all,Agree,Somewhat agree,Agree,Somewhat agree,Agree,Neither agree nor disagree,Agree,Slightly better than average,Slightly better than average,Slightly better than average,Slightly better than average,Slightly better than average,Slightly better than them,About the same,About the same,About the same,Slightly better than them,Very familiar,Familiar,Familiar,Never heard of it,Somewhat familiar,Somewhat familiar,Never heard of it,Never heard of it,Never heard of it,Never heard of it,Never heard of it,Very familiar,Mary,pink,2,west,b,Yes,Helping Paws Animal Wellness,1.0,"Writing assistance (e.g., emails, documents)",,Information gathering,,,,,,,,,P0373,,,,,
True,REDACTED,Strongly agree,Strongly disagree,Strongly agree,Strongly disagree,Strongly agree,Strongly disagree,Strongly agree,Strongly disagree,Agree,Agree,Agree,Strongly agree,Strongly agree,Strongly agree,Strongly disagree,Strongly disagree,Strongly disagree,Not at all,Not at all,Not at all,Strongly disagree,Strongly disagree,Strongly disagree,Strongly disagree,Strongly disagree,Strongly disagree,Strongly disagree,Somewhat better than average,Much better than average,Much better than average,Much worse than average,Much better than average,Much better than them,Much better than them,Much better than them,Much worse than them,Much better than them,Very familiar,Somewhat familiar,Somewhat familiar,Never heard of it,Slightly familiar,Slightly familiar,Never heard of it,Never heard of it,Never heard of it,Never heard of it,Never heard of it,Very familiar,Mary,No stairs.,Moses was not Noah.,electric train has no smoke.,neither. yolk is yellow.,No,,,,,Information gathering,,,,Work tasks,,,,,P0002,,,,,
True,REDACTED,Strongly agree,Somewhat disagree,Agree,Somewhat disagree,Strongly agree,Strongly disagree,Strongly agree,Disagree,Agree,Strongly agree,Strongly agree,Strongly agree,Strongly agree,Strongly agree,Strongly disagree,Strongly disagree,Strongly disagree,Very much,Very much,Somewhat,Strongly agree,Strongly agree,Strongly agree,Strongly agree,Disagree,Disagree,Strongly disagree,Much better than average,Somewhat better than average,Much better than average,Somewhat worse than average,Somewhat better than average,Somewhat better than them,Slightly better than them,Much better than them,Somewhat worse than them,Somewhat better than them,Very familiar,Very familiar,Very familiar,Somewhat familiar,Never heard of it,Very familiar,Never heard of it,Never heard of it,Never heard of it,Never heard of it,Slightly familiar,Very familiar,Mary,There are no stairs. It is a one-story house,"1 Male, 1 Female",No smoke. It is electric,Both,Yes,Helping Paws Animal Wellness,1.0,"Writing assistance (e.g., emails, documents)",,Information gathering,Brainstorming,Personal advice,Homework or studying,Work tasks,Creative projects,,,,P1071,,,,,
True,REDACTED,Neither agree nor disagree,Agree,Neither agree nor disagree,Agree,Somewhat disagree,Somewhat agree,Somewhat agree,Agree,Agree,Agree,Agree,Agree,Agree,Agree,Strongly disagree,Disagree,Disagree,Quite a bit,Very much,Moderately,Agree,Agree,Agree,Agree,Somewhat agree,Agree,Somewhat agree,Somewhat better than average,Slightly better than average,Slightly better than average,Somewhat better than average,Somewhat better than average,Slightly better than them,Slightly better than them,About the same,Somewhat better than them,About the same,Familiar,Somewhat familiar,Very familiar,Slightly familiar,Slightly familiar,Never heard of it,Never heard of it,Never heard of it,Never heard of it,Never heard of it,Slightly familiar,Familiar,Nunu,pink,one male and one female,west,(b),Yes,Helping Paws Animal Wellness,1.0,"Writing assistance (e.g., emails, documents)",,Information gathering,,,,Work tasks,Creative projects,,,,P0263,,,,,
True,REDACTED,Strongly agree,Agree,Agree,Somewhat agree,Agree,Disagree,Agree,Somewhat disagree,Agree,Strongly agree,Strongly agree,Strongly agree,Agree,Agree,Disagree,Strongly disagree,Disagree,Moderately,Slightly,Moderately,Somewhat agree,Somewhat agree,Disagree,Somewhat agree,Somewhat agree,Somewhat agree,Agree,Somewhat better than average,Somewhat better than average,Somewhat better than average,Average,Much better than average,Somewhat better than them,About the same,Slightly better than them,About the same,Slightly better than them,Very familiar,Very familiar,Very familiar,Never heard of it,Never heard of it,Slightly familiar,Never heard of it,Never heard of it,Slightly familiar,Never heard of it,Never heard of it,Very familiar,Nunu,There were no stairs ,2,West,B,No,,,"Writing assistance (e.g., emails, documents)",,Information gathering,Brainstorming,Personal advice,Homework or studying,Work tasks,Creative projects,,,,P0493,,,,,
True,REDACTED,Somewhat disagree,Somewhat disagree,Agree,Neither agree nor disagree,Neither agree nor disagree,Disagree,Agree,Somewhat disagree,Agree,Agree,Agree,Agree,Agree,Agree,Strongly disagree,Strongly disagree,Strongly disagree,Very much,Very much,Not at all,Agree,Agree,Agree,Somewhat agree,Neither agree nor disagree,Somewhat agree,Neither agree nor disagree,Slightly better than average,Somewhat better than average,Somewhat better than average,Slightly better than average,Slightly better than average,About the same,About the same,About the same,About the same,About the same,Never heard of it,Familiar,Familiar,Never heard of it,Slightly familiar,Never heard of it,Slightly familiar,Never heard of it,Never heard of it,Never heard of it,Never heard of it,Familiar,Mary,pink,1,west,(b) the yolk of the egg is white,Yes,GreenReef Conservation Initiative,2.0,,,,,,,Work tasks,Creative projects,,,,P0670,,,,,
True,REDACTED,Agree,Neither agree nor disagree,Agree,Somewhat agree,Agree,Disagree,Agree,Neither agree nor disagree,Agree,Agree,Agree,Agree,Agree,Agree,Disagree,Disagree,Disagree,Somewhat,Moderately,Slightly,Agree,Agree,Agree,Agree,Somewhat agree,Somewhat agree,Somewhat agree,Average,Slightly better than average,Slightly better than average,Slightly better than average,Average,About the same,About the same,About the same,About the same,About the same,Very familiar,Very familiar,Very familiar,Somewhat familiar,Very familiar,Familiar,Never heard of it,Never heard of it,Never heard of it,Never heard of it,Never heard of it,Very familiar,Mary,pink,2,west,"b, but really neither is correct, because the yolk of an egg is yellow.",Yes,Helping Paws Animal Wellness,1.0,,,Information gathering,,,,,,,,,P0334,,,,,
True,REDACTED,Strongly agree,Disagree,Strongly agree,Agree,Neither agree nor disagree,Somewhat disagree,Somewhat agree,Disagree,Agree,Agree,Agree,Agree,Agree,Agree,Strongly disagree,Strongly disagree,Strongly disagree,Very much,Very much,Somewhat,Agree,Agree,Agree,Agree,Agree,Agree,Agree,Slightly better than average,Average,Average,Average,Average,About the same,About the same,About the same,About the same,About the same,Familiar,Very familiar,Very familiar,Never heard of it,Very familiar,Familiar,Never heard of it,Never heard of it,Never heard of it,Never heard of it,Never heard of it,Very familiar,Mary,no stairs - one story house,Noah did the ark,"n/a - it's electric, there's no smoke",neither - yolk is yellow,No,,,,,Information gathering,,Personal advice,,,,,,,P0649,,,,,
True,REDACTED,Strongly agree,Strongly disagree,Strongly agree,Strongly agree,Strongly agree,Strongly disagree,Strongly agree,Strongly agree,Neither disagree nor agree,Agree,Agree,Strongly agree,Strongly agree,Agree,Strongly disagree,Strongly disagree,Disagree,Extremely,Somewhat,Not at all,Strongly agree,Somewhat disagree,Neither agree nor disagree,Somewhat disagree,Strongly agree,Strongly agree,Strongly disagree,Somewhat better than average,Average,Much better than average,Somewhat better than average,Slightly better than average,Somewhat better than them,About the same,About the same,About the same,Somewhat better than them,Very familiar,Very familiar,Very familiar,Very familiar,Very familiar,Very familiar,Never heard of it,Never heard of it,Very familiar,Never heard of it,Never heard of it,Very familiar,Mary,No stairs.,Zero,,B,No,,,,,,,,,,Creative projects,,,,P0149,,,,,
True,REDACTED,Somewhat disagree,Somewhat agree,Neither agree nor disagree,Somewhat agree,Somewhat agree,Neither agree nor disagree,Neither agree nor disagree,Neither agree nor disagree,Agree,Agree,Agree,Agree,Agree,Agree,Disagree,Disagree,Disagree,Somewhat,Quite a bit,Not at all,Agree,Agree,Agree,Agree,Somewhat disagree,Somewhat disagree,Somewhat disagree,Average,Slightly better than average,Slightly better than average,Average,Average,About the same,About the same,About the same,About the same,About the same,Familiar,Slightly familiar,Somewhat familiar,Never heard of it,Never heard of it,Never heard of it,Slightly familiar,Never heard of it,Never heard of it,Never heard of it,Slightly familiar,Somewhat familiar,Mary,pink,none it was Noah,west,neither,Yes,Helping Paws Animal Wellness,2.0,,,Information gathering,,,,,,,,,P0666,,,,,
True,REDACTED,Somewhat agree,Neither agree nor disagree,Strongly agree,Agree,Somewhat agree,Neither agree nor disagree,Strongly agree,Neither agree nor disagree,Neither disagree nor agree,Neither disagree nor agree,Neither disagree nor agree,Disagree,Disagree,Disagree,Agree,Neither disagree nor agree,Neither disagree nor agree,Very much,Quite a bit,Moderately,Agree,Somewhat agree,Somewhat agree,Agree,Somewhat disagree,Somewhat disagree,Somewhat agree,Slightly better than average,Slightly better than average,Somewhat better than average,Much better than average,Slightly worse than average,About the same,About the same,Somewhat better than them,Much better than them,Slightly worse than them,Very familiar,Very familiar,Very familiar,Never heard of it,Familiar,Slightly familiar,Never heard of it,Never heard of it,Never heard of it,Never heard of it,Never heard of it,Very familiar,Mary,there are no stairs its a one story house,a pair of each species so 2,west,b. unless they are both correct but i think b,Yes,Young & Bright Education Fund,1.0,,,Information gathering,Brainstorming,Personal advice,,Work tasks,,,,,P1140,,,,,
True,REDACTED,Agree,Somewhat agree,Somewhat agree,Agree,Agree,Agree,Agree,Somewhat agree,Disagree,Agree,Neither disagree nor agree,Disagree,Disagree,Disagree,Neither disagree nor agree,Disagree,Neither disagree nor agree,Somewhat,Moderately,Slightly,Somewhat agree,Somewhat agree,Agree,Somewhat agree,Agree,Agree,Agree,Slightly worse than average,Slightly better than average,Average,Slightly better than average,Slightly better than average,Slightly worse than them,Slightly better than them,Slightly better than them,Slightly better than them,Slightly better than them,Familiar,Slightly familiar,Familiar,Never heard of it,Never heard of it,Never heard of it,Never heard of it,Never heard of it,Never heard of it,Never heard of it,Slightly familiar,Familiar,NuNu,pink,it was noah's ark,south,b,No,,,"Writing assistance (e.g., emails, documents)",,Information gathering,Brainstorming,Personal advice,,,,,Friendship/companionship,,P0877,,,,,
True,REDACTED,Agree,Agree,Agree,Agree,Neither agree nor disagree,Somewhat agree,Agree,Somewhat agree,Agree,Strongly agree,Agree,Strongly agree,Strongly agree,Strongly agree,Strongly disagree,Strongly disagree,Strongly disagree,Somewhat,Quite a bit,Slightly,Agree,Agree,Strongly agree,Agree,Somewhat agree,Somewhat agree,Agree,Average,Slightly better than average,Average,Slightly better than average,Average,About the same,About the same,About the same,About the same,About the same,Somewhat familiar,Very familiar,Very familiar,Never heard of it,Never heard of it,Never heard of it,Never heard of it,Never heard of it,Never heard of it,Never heard of it,Never heard of it,Somewhat familiar,mary,pink,2,west,b,No,,,"Writing assistance (e.g., emails, documents)",,,Brainstorming,Personal advice,Homework or studying,Work tasks,,,,,P0029,,,,,
True,REDACTED,Neither agree nor disagree,Somewhat agree,Somewhat disagree,Somewhat agree,Agree,Somewhat agree,Agree,Neither agree nor disagree,Disagree,Agree,Neither disagree nor agree,Neither disagree nor agree,Disagree,Disagree,Neither disagree nor agree,Neither disagree nor agree,Neither disagree nor agree,Somewhat,Slightly,Not at all,Disagree,Disagree,Somewhat disagree,Somewhat disagree,Neither agree nor disagree,Somewhat agree,Somewhat agree,Somewhat better than average,Slightly better than average,Slightly better than average,Somewhat better than average,Slightly better than average,Somewhat better than them,Somewhat better than them,Slightly better than them,Somewhat better than them,Slightly better than them,Familiar,Very familiar,Familiar,Never heard of it,Never heard of it,Never heard of it,Never heard of it,Never heard of it,Never heard of it,Never heard of it,Never heard of it,Very familiar,Mary,there were no stairs,2,west,"neither, but b is better grammatically ",No,,,,,,Brainstorming,,,,,,,,P0751,,,,,
True,REDACTED,Strongly agree,Somewhat disagree,Agree,Somewhat agree,Agree,Disagree,Agree,Neither agree nor disagree,Agree,Agree,Agree,Agree,Agree,Agree,Disagree,Disagree,Disagree,Quite a bit,Moderately,Quite a bit,Somewhat agree,Neither agree nor disagree,Somewhat agree,Neither agree nor disagree,Agree,Somewhat agree,Strongly agree,Slightly better than average,Average,Somewhat better than average,Slightly better than average,Slightly better than average,Slightly better than them,About the same,Somewhat better than them,About the same,About the same,Very familiar,Very familiar,Very familiar,Slightly familiar,Familiar,Familiar,Slightly familiar,Never heard of it,Never heard of it,Never heard of it,Never heard of it,Very familiar,Mary,No stairs (one-storey house),None (it was Noah),No smoke (electric train),b,Yes,Helping Paws Animal Wellness,1.0,,,Information gathering,,,,,,,,,P1046,,,,,
True,REDACTED,Agree,Disagree,Agree,Somewhat agree,Disagree,Disagree,Agree,Disagree,Agree,Agree,Agree,Agree,Agree,Agree,Disagree,Disagree,Disagree,Moderately,Moderately,Moderately,Agree,Agree,Agree,Agree,Somewhat agree,Somewhat agree,Somewhat agree,Average,Average,Average,Average,Average,Slightly better than them,Slightly better than them,Slightly better than them,Slightly better than them,Slightly better than them,Very familiar,Very familiar,Very familiar,Never heard of it,Familiar,Very familiar,Never heard of it,Never heard of it,Never heard of it,Never heard of it,Never heard of it,Very familiar,Nunu,pink,2,west,b,No,,,,,,Brainstorming,,,Work tasks,Creative projects,,,,P0587,,,,,
True,REDACTED,Strongly agree,Neither agree nor disagree,Agree,Agree,Strongly agree,Disagree,Strongly agree,Disagree,Strongly agree,Agree,Agree,Strongly agree,Agree,Strongly agree,Disagree,Strongly disagree,Disagree,Very much,Very much,Extremely,Agree,Strongly agree,Strongly agree,Agree,Agree,Agree,Strongly agree,Somewhat better than average,Somewhat better than average,Much better than average,Much better than average,Much better than average,Somewhat better than them,Somewhat better than them,Much better than them,Much better than them,Much better than them,Somewhat familiar,Very familiar,Very familiar,Slightly familiar,Very familiar,Never heard of it,Familiar,Slightly familiar,Very familiar,Never heard of it,Familiar,Familiar,mary,no stairs in one story building,0,its an electronic train therefore no smoke,yolk is not white,No,,,"Writing assistance (e.g., emails, documents)",Coding,Information gathering,Brainstorming,Personal advice,Homework or studying,Work tasks,,,Friendship/companionship,,P1139,,,,,
True,REDACTED,Agree,Somewhat disagree,Agree,Agree,Agree,Neither agree nor disagree,Agree,Neither agree nor disagree,Strongly disagree,Strongly disagree,Disagree,Strongly disagree,Strongly disagree,Strongly disagree,Strongly agree,Strongly agree,Agree,Quite a bit,Moderately,Moderately,Strongly disagree,Strongly disagree,Strongly disagree,Strongly disagree,Agree,Agree,Agree,Slightly better than average,Slightly better than average,Much better than average,Much better than average,Average,Slightly better than them,Slightly better than them,Somewhat better than them,Somewhat better than them,About the same,Very familiar,Very familiar,Very familiar,Never heard of it,Never heard of it,Familiar,Never heard of it,Never heard of it,Never heard of it,Never heard of it,Never heard of it,Familiar,Nunu,pink,2,west,b,Yes,GreenReef Conservation Initiative,1.0,"Writing assistance (e.g., emails, documents)",,Information gathering,Brainstorming,Personal advice,,,,,,,P0070,,,,,
True,REDACTED,Somewhat agree,Neither agree nor disagree,Somewhat agree,Somewhat agree,Somewhat agree,Somewhat disagree,Somewhat agree,Neither agree nor disagree,Agree,Agree,Agree,Agree,Agree,Agree,Strongly disagree,Strongly disagree,Strongly disagree,Slightly,Somewhat,Not at all,Agree,Agree,Agree,Agree,Neither agree nor disagree,Neither agree nor disagree,Neither agree nor disagree,Average,Average,Average,Average,Average,About the same,About the same,About the same,About the same,About the same,Familiar,Familiar,Familiar,Never heard of it,Familiar,Somewhat familiar,Never heard of it,Never heard of it,Never heard of it,Never heard of it,Never heard of it,Familiar,Nunu,no stairs in one story,0 it was Noah,north,b,No,,,,,Information gathering,Brainstorming,,,,,,,,P0250,,,,,
True,REDACTED,Strongly agree,Somewhat agree,Agree,Strongly agree,Agree,Somewhat disagree,Somewhat agree,Somewhat agree,Disagree,Disagree,Disagree,Strongly disagree,Disagree,Neither disagree nor agree,Agree,Agree,Agree,Extremely,Extremely,Moderately,Agree,Neither agree nor disagree,Somewhat agree,Agree,Somewhat agree,Agree,Agree,Average,Average,Average,Slightly better than average,Average,About the same,About the same,Slightly worse than them,Slightly better than them,Slightly worse than them,Familiar,Familiar,Familiar,Never heard of it,Slightly familiar,Slightly familiar,Somewhat familiar,Never heard of it,Never heard of it,Never heard of it,Never heard of it,Very familiar,Mary,pink,2,east,b,Yes,Helping Paws Animal Wellness,2.0,"Writing assistance (e.g., emails, documents)",,Information gathering,Brainstorming,Personal advice,,Work tasks,,,,,P0022,,,,,
True,REDACTED,Neither agree nor disagree,Neither agree nor disagree,Agree,Somewhat agree,Somewhat agree,Somewhat agree,Somewhat agree,Somewhat agree,Disagree,Disagree,Neither disagree nor agree,Neither disagree nor agree,Agree,Agree,Neither disagree nor agree,Disagree,Disagree,Quite a bit,Moderately,Somewhat,Neither agree nor disagree,Somewhat disagree,Neither agree nor disagree,Somewhat agree,Neither agree nor disagree,Somewhat disagree,Neither agree nor disagree,Average,Slightly better than average,Slightly better than average,Slightly better than average,Slightly better than average,About the same,About the same,Slightly better than them,About the same,About the same,Very familiar,Familiar,Very familiar,Slightly familiar,Familiar,Somewhat familiar,Never heard of it,Never heard of it,Never heard of it,Never heard of it,Never heard of it,Very familiar,Mary,pink,2,An electric train would not blow smoke.,"Neither, a yolk is yellow.  The clear portion of the egg turns white when whipped.",No,,,,,Information gathering,Brainstorming,,,,,,,,P1050,,,,,
True,REDACTED,Agree,Disagree,Agree,Somewhat agree,Somewhat agree,Disagree,Agree,Somewhat disagree,Disagree,Disagree,Disagree,Disagree,Disagree,Disagree,Agree,Agree,Agree,Very much,Very much,Slightly,Agree,Agree,Somewhat agree,Somewhat agree,Agree,Agree,Agree,Somewhat better than average,Slightly worse than average,Somewhat better than average,Somewhat worse than average,Somewhat worse than average,Slightly better than them,Slightly worse than them,Slightly better than them,Slightly worse than them,Somewhat worse than them,Familiar,Familiar,Familiar,Never heard of it,Familiar,Familiar,Never heard of it,Never heard of it,Never heard of it,Never heard of it,Slightly familiar,Familiar,Mary,There were no stairs since it was a one-story house.,Moses did not build an ark; Noah was reported to.,There is no smoke since the train is electric,Neither; yolk is yellow,No,,,,,Information gathering,Brainstorming,,,Work tasks,,,,,P1077,,,,,
True,REDACTED,Agree,Agree,Strongly agree,Agree,Agree,Agree,Agree,Agree,Disagree,Disagree,Neither disagree nor agree,Disagree,Disagree,Disagree,Disagree,Disagree,Neither disagree nor agree,Very much,Quite a bit,Not at all,Somewhat agree,Somewhat agree,Somewhat agree,Somewhat agree,Agree,Agree,Agree,Slightly better than average,Slightly better than average,Somewhat better than average,Somewhat better than average,Slightly better than average,Slightly better than them,Slightly better than them,Somewhat better than them,Somewhat better than them,Somewhat better than them,Very familiar,Very familiar,Very familiar,Never heard of it,Never heard of it,Never heard of it,Never heard of it,Never heard of it,Never heard of it,Never heard of it,Never heard of it,Very familiar,Nunu,pink,2,west,the yolk of the egg is white,No,,,"Writing assistance (e.g., emails, documents)",,Information gathering,Brainstorming,,,,,,,,P0561,,,,,
True,REDACTED,Somewhat agree,Somewhat disagree,Agree,Strongly agree,Somewhat disagree,Somewhat disagree,Agree,Somewhat agree,Agree,Agree,Agree,Strongly agree,Strongly agree,Strongly agree,Strongly disagree,Strongly disagree,Strongly disagree,Moderately,Quite a bit,Not at all,Agree,Agree,Strongly agree,Somewhat agree,Somewhat disagree,Somewhat disagree,Somewhat agree,Average,Slightly better than average,Average,Slightly worse than average,Slightly better than average,About the same,Slightly better than them,About the same,Slightly worse than them,Somewhat better than them,Very familiar,Very familiar,Familiar,Never heard of it,Slightly familiar,Never heard of it,Never heard of it,Never heard of it,Never heard of it,Never heard of it,Never heard of it,Very familiar,mary,pink,2,west,neither,No,,,"Writing assistance (e.g., emails, documents)",,Information gathering,Brainstorming,,,,,,,,P0308,,,,,
True,REDACTED,Agree,Somewhat disagree,Neither agree nor disagree,Neither agree nor disagree,Neither agree nor disagree,Disagree,Agree,Somewhat disagree,Agree,Agree,Agree,Agree,Agree,Agree,Strongly disagree,Strongly disagree,Strongly disagree,Very much,Very much,Very much,Agree,Neither agree nor disagree,Agree,Neither agree nor disagree,Disagree,Disagree,Neither agree nor disagree,Somewhat better than average,Somewhat better than average,Somewhat better than average,Somewhat better than average,Somewhat better than average,Somewhat better than them,Somewhat better than them,Somewhat better than them,Somewhat better than them,Somewhat better than them,Somewhat familiar,Familiar,Familiar,Somewhat familiar,Somewhat familiar,Slightly familiar,Familiar,Somewhat familiar,Somewhat familiar,Somewhat familiar,Slightly familiar,Familiar,mary,no stairs,none,none ,B,Yes,GreenReef Conservation Initiative,1.0,,,Information gathering,Brainstorming,,,,Creative projects,,,,P1134,,,,,
True,REDACTED,Strongly agree,Somewhat disagree,Strongly agree,Neither agree nor disagree,Strongly agree,Strongly disagree,Strongly agree,Strongly agree,Agree,Agree,Agree,Agree,Agree,Neither disagree nor agree,Disagree,Strongly disagree,Neither disagree nor agree,Quite a bit,Extremely,Very much,Agree,Agree,Strongly agree,Somewhat agree,Somewhat agree,Agree,Strongly agree,Slightly better than average,Somewhat better than average,Somewhat better than average,Much better than average,Much better than average,Slightly better than them,Somewhat better than them,Somewhat better than them,Much better than them,Much better than them,Very familiar,Very familiar,Very familiar,Never heard of it,Somewhat familiar,Somewhat familiar,Never heard of it,Never heard of it,Never heard of it,Never heard of it,Never heard of it,Very familiar,Mary,pink,1400,west,b,No,,,"Writing assistance (e.g., emails, documents)",,,Brainstorming,Personal advice,,Work tasks,Creative projects,,,,P1022,,,,,
True,REDACTED,Strongly agree,Disagree,Strongly agree,Neither agree nor disagree,Strongly agree,Somewhat disagree,Strongly agree,Somewhat disagree,Agree,Agree,Agree,Agree,Agree,Agree,Strongly disagree,Strongly disagree,Strongly disagree,Not at all,Somewhat,Slightly,Disagree,Strongly disagree,Strongly disagree,Disagree,Somewhat disagree,Neither agree nor disagree,Neither agree nor disagree,Slightly better than average,Slightly better than average,Somewhat better than average,Slightly worse than average,Slightly better than average,About the same,Slightly better than them,Slightly better than them,Slightly worse than them,Slightly better than them,Familiar,Familiar,Familiar,Never heard of it,Never heard of it,Slightly familiar,Never heard of it,Never heard of it,Never heard of it,Never heard of it,Never heard of it,Familiar,Mary,There were no stairs in a one storey house.,31,It doesn't because this is an electric train that probably doesn't spew smoke.,(b) 'the yolk of the egg is white',No,,,,,,,Personal advice,,,,,,,P0137,,,,,
True,REDACTED,Somewhat agree,Neither agree nor disagree,Agree,Somewhat agree,Agree,Somewhat agree,Agree,Neither agree nor disagree,Agree,Agree,Agree,Agree,Neither disagree nor agree,Agree,Strongly disagree,Strongly disagree,Strongly disagree,Quite a bit,Moderately,Moderately,Agree,Somewhat agree,Somewhat agree,Agree,Somewhat agree,Somewhat agree,Somewhat agree,Slightly better than average,Average,Slightly better than average,Slightly better than average,Slightly better than average,Slightly better than them,Slightly worse than them,About the same,About the same,About the same,Familiar,Familiar,Familiar,Never heard of it,Familiar,Slightly familiar,Never heard of it,Never heard of it,Never heard of it,Never heard of it,Never heard of it,Somewhat familiar,Mary.,"There are no stairs, it's a one-storey house.","None, Noah built the ark.","There is no smoke, it's electric.","Neither, the yolk is yellow.",Yes,Helping Paws Animal Wellness,1.0,"Writing assistance (e.g., emails, documents)",,Information gathering,,,,Work tasks,,,,,P1290,,,,,
True,REDACTED,Strongly agree,Strongly disagree,Strongly agree,Strongly agree,Strongly agree,Strongly disagree,Strongly agree,Strongly disagree,Agree,Agree,Agree,Strongly agree,Strongly agree,Strongly agree,Strongly disagree,Strongly disagree,Strongly disagree,Moderately,Moderately,Very much,Somewhat agree,Somewhat agree,Strongly agree,Somewhat agree,Somewhat agree,Neither agree nor disagree,Agree,Average,Somewhat better than average,Somewhat better than average,Slightly better than average,Much better than average,Slightly better than them,Slightly better than them,Much better than them,Somewhat better than them,Much better than them,Very familiar,Never heard of it,Very familiar,Never heard of it,Somewhat familiar,Never heard of it,Never heard of it,Never heard of it,Never heard of it,Never heard of it,Never heard of it,Never heard of it,Nona,pink,1,West,b) The yolk of the egg is white,No,,,,,Information gathering,Brainstorming,Personal advice,Homework or studying,,Creative projects,,Friendship/companionship,,P0975,,,,,
True,REDACTED,Somewhat agree,Neither agree nor disagree,Somewhat agree,Agree,Somewhat agree,Disagree,Agree,Somewhat agree,Disagree,Agree,Agree,Agree,Strongly disagree,Strongly disagree,Agree,Neither disagree nor agree,Agree,Somewhat,Somewhat,Somewhat,Somewhat agree,Somewhat agree,Somewhat agree,Somewhat agree,Somewhat agree,Neither agree nor disagree,Agree,Average,Average,Somewhat better than average,Somewhat better than average,Average,About the same,About the same,Somewhat better than them,Somewhat better than them,Slightly better than them,Familiar,Familiar,Somewhat familiar,Never heard of it,Slightly familiar,Never heard of it,Never heard of it,Never heard of it,Never heard of it,Never heard of it,Slightly familiar,Familiar,Mary,pink,2,West,b,No,,,,,,,,Homework or studying,,,,,,P0971,,,,,
True,REDACTED,Strongly disagree,Strongly agree,Somewhat disagree,Agree,Agree,Neither agree nor disagree,Disagree,Somewhat agree,Neither disagree nor agree,Agree,Agree,Agree,Neither disagree nor agree,Disagree,Neither disagree nor agree,Agree,Strongly agree,Moderately,Very much,Quite a bit,Somewhat agree,Neither agree nor disagree,Somewhat disagree,Somewhat agree,Somewhat agree,Disagree,Neither agree nor disagree,Somewhat better than average,Slightly worse than average,Slightly better than average,Average,Somewhat worse than average,About the same,Slightly better than them,Slightly worse than them,About the same,Somewhat worse than them,Slightly familiar,Familiar,Never heard of it,Somewhat familiar,Slightly familiar,Very familiar,Somewhat familiar,Slightly familiar,Somewhat familiar,Somewhat familiar,Familiar,Somewhat familiar,nana,pink,one pair of each species,west,b,Yes,Young & Bright Education Fund,2.0,,,,Brainstorming,,,,,,,,P0605,,,,,
True,REDACTED,Strongly agree,Somewhat disagree,Somewhat agree,Neither agree nor disagree,Somewhat agree,Disagree,Somewhat agree,Neither agree nor disagree,Agree,Agree,Agree,Neither disagree nor agree,Agree,Neither disagree nor agree,Disagree,Disagree,Disagree,Moderately,Moderately,Not at all,Agree,Agree,Strongly agree,Agree,Somewhat agree,Neither agree nor disagree,Somewhat agree,Slightly better than average,Average,Slightly better than average,Slightly better than average,Slightly better than average,About the same,About the same,Slightly better than them,About the same,About the same,Very familiar,Very familiar,Very familiar,Slightly familiar,Slightly familiar,Very familiar,Slightly familiar,Never heard of it,Never heard of it,Never heard of it,Slightly familiar,Very familiar,Mary,there were no stairs,2,west,b,Yes,Helping Paws Animal Wellness,1.25,"Writing assistance (e.g., emails, documents)",,,Brainstorming,,,Work tasks,,,,,P1361,,,,,
True,REDACTED,Strongly agree,Somewhat disagree,Strongly agree,Somewhat agree,Agree,Disagree,Strongly agree,Disagree,Agree,Agree,Agree,Agree,Agree,Agree,Disagree,Disagree,Disagree,Quite a bit,Somewhat,Not at all,Agree,Agree,Agree,Agree,Agree,Agree,Agree,Somewhat better than average,Somewhat better than average,Somewhat better than average,Somewhat better than average,Somewhat better than average,Slightly better than them,About the same,Slightly better than them,Slightly better than them,Slightly better than them,Familiar,Familiar,Familiar,Never heard of it,Familiar,Slightly familiar,Never heard of it,Never heard of it,Never heard of it,Never heard of it,Slightly familiar,Very familiar,Mary,no stairs,0,west,b,No,,,"Writing assistance (e.g., emails, documents)",,,,,,Work tasks,,,,,P1220,,,,,
True,REDACTED,Neither agree nor disagree,Agree,Neither agree nor disagree,Neither agree nor disagree,Somewhat disagree,Somewhat agree,Agree,Agree,Neither disagree nor agree,Agree,Agree,Agree,Agree,Agree,Neither disagree nor agree,Neither disagree nor agree,Disagree,Very much,Extremely,Quite a bit,Somewhat agree,Somewhat agree,Somewhat disagree,Neither agree nor disagree,Agree,Somewhat agree,Neither agree nor disagree,Average,Somewhat better than average,Average,Somewhat better than average,Slightly worse than average,Slightly better than them,Slightly worse than them,About the same,Somewhat better than them,Slightly better than them,Very familiar,Very familiar,Very familiar,Never heard of it,Very familiar,Never heard of it,Never heard of it,Never heard of it,Never heard of it,Never heard of it,Never heard of it,Very familiar,marys,one storey no stairs, it was not moses it was  prophet Noah ,an electric train does not produce smoke,‘the yolk of the egg is white,Yes,Young & Bright Education Fund,2.0,"Writing assistance (e.g., emails, documents)",,,Brainstorming,,Homework or studying,,,,,,P0795,,,,,
True,REDACTED,Strongly agree,Strongly disagree,Strongly agree,Somewhat agree,Strongly agree,Disagree,Strongly agree,Somewhat disagree,Agree,Agree,Agree,Strongly agree,Strongly agree,Agree,Strongly disagree,Strongly disagree,Disagree,Not at all,Moderately,Not at all,Strongly agree,Strongly agree,Strongly agree,Somewhat disagree,Strongly disagree,Strongly disagree,Strongly disagree,Average,Average,Somewhat better than average,Somewhat better than average,Average,Slightly better than them,About the same,Somewhat better than them,About the same,About the same,Very familiar,Very familiar,Very familiar,Never heard of it,Very familiar,Very familiar,Never heard of it,Never heard of it,Never heard of it,Never heard of it,Slightly familiar,Very familiar,Mary,There are no stairs in a one story house.,Two each according to the story.,west,b,No,,,,,,,,,,,,,I have not used AI chatbots before,P0994,,,,,
True,REDACTED,Somewhat agree,Disagree,Agree,Agree,Neither agree nor disagree,Neither agree nor disagree,Agree,Somewhat agree,Neither disagree nor agree,Agree,Agree,Agree,Agree,Agree,Strongly disagree,Strongly disagree,Strongly disagree,Somewhat,Very much,Slightly,Agree,Agree,Somewhat agree,Neither agree nor disagree,Neither agree nor disagree,Neither agree nor disagree,Somewhat agree,Average,Average,Average,Slightly better than average,Average,About the same,About the same,Slightly better than them,Slightly better than them,About the same,Somewhat familiar,Familiar,Familiar,Never heard of it,Somewhat familiar,Never heard of it,Never heard of it,Never heard of it,Never heard of it,Never heard of it,Never heard of it,Somewhat familiar,nunu,pink,2,west,b,No,,,,,Information gathering,,,,,,,,,P0813,,,,,
True,REDACTED,Agree,Somewhat disagree,Agree,Somewhat agree,Agree,Disagree,Agree,Somewhat disagree,Disagree,Disagree,Disagree,Agree,Agree,Agree,Disagree,Disagree,Disagree,Slightly,Slightly,Slightly,Disagree,Disagree,Somewhat disagree,Somewhat disagree,Agree,Agree,Agree,Average,Slightly better than average,Slightly better than average,Average,Slightly better than average,About the same,Slightly better than them,Slightly better than them,About the same,Slightly better than them,Familiar,Somewhat familiar,Familiar,Never heard of it,Familiar,Somewhat familiar,Never heard of it,Never heard of it,Never heard of it,Never heard of it,Never heard of it,Familiar,Mary,no stairs,2,west,b,No,,,,,Information gathering,,,,,Creative projects,,,,P0006,,,,,
True,REDACTED,Agree,Somewhat disagree,Somewhat agree,Somewhat disagree,Somewhat agree,Disagree,Agree,Disagree,Disagree,Disagree,Agree,Disagree,Disagree,Disagree,Neither disagree nor agree,Agree,Agree,Moderately,Moderately,Not at all,Agree,Somewhat agree,Somewhat agree,Somewhat agree,Somewhat agree,Agree,Agree,Slightly better than average,Slightly better than average,Somewhat better than average,Somewhat better than average,Somewhat better than average,About the same,Slightly better than them,Slightly better than them,Somewhat better than them,Slightly better than them,Somewhat familiar,Familiar,Familiar,Never heard of it,Slightly familiar,Never heard of it,Never heard of it,Never heard of it,Never heard of it,Never heard of it,Never heard of it,Somewhat familiar,Mary,pink,10,west,B,No,,,"Writing assistance (e.g., emails, documents)",,Information gathering,Brainstorming,,,Work tasks,Creative projects,,,,P0259,,,,,
True,REDACTED,Agree,Somewhat agree,Agree,Agree,Somewhat agree,Somewhat disagree,Agree,Disagree,Disagree,Agree,Neither disagree nor agree,Agree,Neither disagree nor agree,Agree,Disagree,Neither disagree nor agree,Disagree,Very much,Moderately,Moderately,Agree,Disagree,Somewhat agree,Somewhat agree,Agree,Somewhat agree,Strongly agree,Slightly better than average,Average,Much better than average,Somewhat better than average,Average,Somewhat better than them,Slightly better than them,Much better than them,Somewhat better than them,Slightly worse than them,Familiar,Very familiar,Very familiar,Somewhat familiar,Familiar,Never heard of it,Slightly familiar,Never heard of it,Never heard of it,Never heard of it,Slightly familiar,Very familiar,Nunu,Pink ,1,West,b,No,,,"Writing assistance (e.g., emails, documents)",,Information gathering,Brainstorming,Personal advice,Homework or studying,,,,,,P0017,,,,,
True,REDACTED,Agree,Disagree,Agree,Strongly agree,Agree,Disagree,Agree,Disagree,Agree,Agree,Agree,Agree,Agree,Agree,Strongly disagree,Strongly disagree,Strongly disagree,Very much,Very much,Slightly,Somewhat agree,Somewhat agree,Agree,Agree,Somewhat agree,Somewhat agree,Strongly agree,Average,Slightly better than average,Somewhat better than average,Slightly better than average,Slightly better than average,About the same,About the same,Slightly better than them,Slightly better than them,Slightly better than them,Familiar,Familiar,Somewhat familiar,Never heard of it,Never heard of it,Slightly familiar,Never heard of it,Never heard of it,Never heard of it,Never heard of it,Never heard of it,Familiar,Nunu,pink,2,Electric trains do not produce smoke.,"Neither, the yolk of an egg is yellow. ",No,,,"Writing assistance (e.g., emails, documents)",,Information gathering,Brainstorming,,Homework or studying,Work tasks,,,,,P0114,,,,,
True,REDACTED,Agree,Somewhat agree,Agree,Agree,Somewhat agree,Somewhat agree,Somewhat agree,Somewhat agree,Agree,Neither disagree nor agree,Agree,Neither disagree nor agree,Agree,Neither disagree nor agree,Agree,Agree,Agree,Quite a bit,Quite a bit,Very much,Somewhat agree,Somewhat agree,Somewhat agree,Agree,Somewhat agree,Agree,Somewhat agree,Slightly better than average,Slightly better than average,Somewhat better than average,Somewhat better than average,Slightly better than average,Slightly better than them,Slightly better than them,Slightly better than them,Somewhat better than them,Somewhat better than them,Familiar,Familiar,Familiar,Familiar,Slightly familiar,Familiar,Somewhat familiar,Somewhat familiar,Somewhat familiar,Somewhat familiar,Somewhat familiar,Somewhat familiar,Mary,There were no stairs since it's a one story house.,,There's no smoke since it's an electric train,The yolk of the egg is white.,No,,,"Writing assistance (e.g., emails, documents)",,Information gathering,,Personal advice,,,Creative projects,,,,P0194,,,,,
True,REDACTED,Somewhat agree,Neither agree nor disagree,Agree,Neither agree nor disagree,Somewhat agree,Somewhat disagree,Agree,Neither agree nor disagree,Agree,Agree,Agree,Agree,Agree,Agree,Strongly disagree,Strongly disagree,Strongly disagree,Very much,Very much,Quite a bit,Somewhat agree,Agree,Somewhat agree,Somewhat agree,Disagree,Somewhat disagree,Neither agree nor disagree,Somewhat better than average,Somewhat better than average,Much better than average,Somewhat better than average,Somewhat better than average,Slightly better than them,Slightly better than them,Somewhat better than them,Somewhat better than them,Somewhat better than them,Familiar,Familiar,Familiar,Never heard of it,Somewhat familiar,Slightly familiar,Slightly familiar,Never heard of it,Never heard of it,Slightly familiar,Slightly familiar,Familiar,Mary.,There are no stairs in a one story house. ,Noah put animals on the ark.,I don't know. ,Egg yolks are yellow. ,No,,,,,Information gathering,,Personal advice,Homework or studying,,,,,,P0064,,,,,
True,REDACTED,Neither agree nor disagree,Somewhat agree,Neither agree nor disagree,Somewhat agree,Neither agree nor disagree,Neither agree nor disagree,Neither agree nor disagree,Somewhat agree,Disagree,Disagree,Disagree,Disagree,Disagree,Disagree,Neither disagree nor agree,Neither disagree nor agree,Neither disagree nor agree,Somewhat,Quite a bit,Not at all,Neither agree nor disagree,Neither agree nor disagree,Neither agree nor disagree,Neither agree nor disagree,Somewhat agree,Neither agree nor disagree,Somewhat agree,Slightly better than average,Slightly better than average,Average,Somewhat better than average,Average,About the same,About the same,About the same,Slightly better than them,Slightly worse than them,Somewhat familiar,Somewhat familiar,Very familiar,Never heard of it,Familiar,Never heard of it,Never heard of it,Never heard of it,Never heard of it,Never heard of it,Never heard of it,Familiar,Mary,pink,two,west,b,Yes,Helping Paws Animal Wellness,1.0,,,Information gathering,,,,,,,,,P0182,,,,,
True,REDACTED,Strongly agree,Somewhat disagree,Agree,Somewhat disagree,Agree,Neither agree nor disagree,Agree,Somewhat disagree,Agree,Agree,Agree,Agree,Agree,Agree,Strongly disagree,Strongly disagree,Strongly disagree,Very much,Very much,Slightly,Agree,Agree,Agree,Somewhat agree,Somewhat disagree,Neither agree nor disagree,Somewhat disagree,Somewhat better than average,Somewhat better than average,Somewhat better than average,Somewhat better than average,Somewhat better than average,Slightly better than them,About the same,About the same,About the same,About the same,Very familiar,Very familiar,Very familiar,Never heard of it,Never heard of it,Very familiar,Never heard of it,Never heard of it,Never heard of it,Never heard of it,Never heard of it,Very familiar,Mary,The stairs were probably pink,Two of each animal,I assume an electric train has no smoke so no direction ,B the yolk of the egg is white . Yolk is singular,No,,,"Writing assistance (e.g., emails, documents)",,Information gathering,Brainstorming,,Homework or studying,Work tasks,Creative projects,,,,P0065,,,,,
True,REDACTED,Agree,Somewhat agree,Somewhat agree,Somewhat agree,Strongly agree,Somewhat disagree,Strongly agree,Somewhat disagree,Agree,Agree,Agree,Agree,Agree,Agree,Strongly disagree,Strongly disagree,Strongly disagree,Moderately,Somewhat,Slightly,Somewhat agree,Somewhat agree,Somewhat agree,Somewhat agree,Agree,Somewhat agree,Agree,Somewhat better than average,Somewhat better than average,Somewhat worse than average,Slightly better than average,Slightly better than average,About the same,About the same,Somewhat worse than them,About the same,About the same,Very familiar,Very familiar,Very familiar,Never heard of it,Very familiar,Very familiar,Never heard of it,Never heard of it,Never heard of it,Never heard of it,Never heard of it,Very familiar,Mary,there were no stairs,2,there is no smoke,"Neither, the yolk is yellow",No,,,"Writing assistance (e.g., emails, documents)",,Information gathering,Brainstorming,Personal advice,,Work tasks,,,,,P0274,,,,,
True,REDACTED,Strongly agree,Disagree,Strongly disagree,Somewhat agree,Somewhat agree,Somewhat disagree,Agree,Disagree,Disagree,Agree,Neither disagree nor agree,Neither disagree nor agree,Neither disagree nor agree,Disagree,Agree,Agree,Disagree,Slightly,Slightly,Not at all,Somewhat agree,Neither agree nor disagree,Neither agree nor disagree,Somewhat agree,Neither agree nor disagree,Somewhat agree,Agree,Somewhat better than average,Somewhat better than average,Much better than average,Much better than average,Slightly worse than average,Somewhat better than them,Somewhat better than them,Much better than them,Much better than them,Slightly worse than them,Very familiar,Very familiar,Familiar,Never heard of it,Familiar,Somewhat familiar,Never heard of it,Never heard of it,Very familiar,Never heard of it,Slightly familiar,Very familiar,Nunu,Pink,2,West,b,No,,,,,Information gathering,,,,,,,,,P0718,,,,,
True,REDACTED,Agree,Agree,Somewhat disagree,Agree,Agree,Somewhat agree,Somewhat agree,Agree,Disagree,Disagree,Disagree,Neither disagree nor agree,Neither disagree nor agree,Neither disagree nor agree,Disagree,Disagree,Disagree,Moderately,Moderately,Very much,Somewhat agree,Somewhat agree,Somewhat agree,Somewhat agree,Strongly disagree,Strongly disagree,Strongly disagree,Somewhat better than average,Somewhat better than average,Somewhat better than average,Somewhat better than average,Somewhat better than average,Somewhat better than them,Somewhat better than them,Somewhat better than them,Somewhat better than them,Somewhat better than them,Familiar,Somewhat familiar,Familiar,Never heard of it,Familiar,Familiar,Never heard of it,Never heard of it,Never heard of it,Never heard of it,Never heard of it,Familiar,nunu,pink,2,west,‘the yolk of the egg is white’,No,,,,,,Brainstorming,,Homework or studying,,Creative projects,,,,P0358,,,,,
True,REDACTED,Agree,Somewhat disagree,Agree,Neither agree nor disagree,Agree,Disagree,Agree,Neither agree nor disagree,Disagree,Neither disagree nor agree,Neither disagree nor agree,Neither disagree nor agree,Neither disagree nor agree,Neither disagree nor agree,Disagree,Disagree,Disagree,Very much,Moderately,Slightly,Agree,Agree,Agree,Agree,Agree,Agree,Agree,Slightly better than average,Somewhat better than average,Average,Somewhat better than average,Average,Slightly better than them,Slightly better than them,Slightly worse than them,About the same,Slightly worse than them,Familiar,Familiar,Very familiar,Slightly familiar,Familiar,Somewhat familiar,Never heard of it,Never heard of it,Never heard of it,Never heard of it,Slightly familiar,Very familiar,Nunu,pink,2,west,b,No,,,"Writing assistance (e.g., emails, documents)",Coding,Information gathering,Brainstorming,,,Work tasks,,,,,P1012,,,,,
True,REDACTED,Strongly agree,Somewhat disagree,Agree,Somewhat disagree,Agree,Disagree,Agree,Neither agree nor disagree,Agree,Agree,Agree,Agree,Agree,Agree,Strongly disagree,Strongly disagree,Strongly disagree,Very much,Very much,Not at all,Agree,Agree,Agree,Agree,Disagree,Neither agree nor disagree,Neither agree nor disagree,Somewhat better than average,Somewhat better than average,Much better than average,Slightly better than average,Somewhat better than average,Somewhat better than them,Somewhat better than them,Much better than them,Somewhat better than them,Slightly better than them,Familiar,Familiar,Very familiar,Never heard of it,Familiar,Familiar,Never heard of it,Never heard of it,Never heard of it,Never heard of it,Never heard of it,Very familiar,Mary,Pink,2,North,b,Yes,Helping Paws Animal Wellness,1.0,,,Information gathering,,,,,,,,,P0731,,,,,
True,REDACTED,Agree,Neither agree nor disagree,Agree,Neither agree nor disagree,Somewhat agree,Somewhat disagree,Agree,Neither agree nor disagree,Neither disagree nor agree,Strongly agree,Agree,Agree,Agree,Agree,Disagree,Disagree,Disagree,Very much,Very much,Moderately,Agree,Agree,Agree,Somewhat agree,Somewhat agree,Somewhat agree,Somewhat agree,Average,Somewhat better than average,Slightly better than average,Much better than average,Somewhat better than average,About the same,About the same,About the same,Slightly better than them,About the same,Familiar,Familiar,Familiar,Slightly familiar,Familiar,Never heard of it,Never heard of it,Never heard of it,Never heard of it,Never heard of it,Somewhat familiar,Very familiar,NuNu,no stair in one story,"0, Noah did",no smoke from the electric train,B,No,,,,,Information gathering,Brainstorming,,Homework or studying,,Creative projects,,,,P0926,,,,,
True,REDACTED,Strongly agree,Somewhat disagree,Strongly agree,Strongly agree,Strongly agree,Somewhat agree,Strongly agree,Strongly agree,Disagree,Agree,Agree,Agree,Agree,Agree,Strongly disagree,Strongly disagree,Strongly disagree,Extremely,Extremely,Not at all,Strongly agree,Strongly agree,Strongly agree,Strongly agree,Agree,Agree,Agree,Somewhat better than average,Somewhat better than average,Somewhat better than average,Somewhat better than average,Somewhat better than average,Slightly better than them,Slightly better than them,Slightly better than them,About the same,Slightly better than them,Somewhat familiar,Familiar,Familiar,Never heard of it,Slightly familiar,Never heard of it,Never heard of it,Never heard of it,Never heard of it,Never heard of it,Never heard of it,Familiar,Mary,no stairs,0,no smoke,b,Yes,Young & Bright Education Fund,2.0,,Coding,,Brainstorming,,,,,,,,P0275,,,,,
True,REDACTED,Agree,Somewhat disagree,Agree,Somewhat agree,Agree,Disagree,Agree,Somewhat disagree,Disagree,Disagree,Neither disagree nor agree,Agree,Agree,Agree,Strongly disagree,Strongly disagree,Strongly disagree,Moderately,Quite a bit,Slightly,Somewhat agree,Somewhat agree,Agree,Somewhat agree,Somewhat agree,Somewhat agree,Somewhat agree,Somewhat better than average,Slightly better than average,Slightly better than average,Average,Slightly better than average,Slightly better than them,About the same,About the same,Slightly worse than them,About the same,Very familiar,Very familiar,Very familiar,Never heard of it,Very familiar,Familiar,Never heard of it,Never heard of it,Never heard of it,Never heard of it,Never heard of it,Very familiar,Mary,"There were no stairs, so no color.","None, it was Noah who built the ark.",West,b,No,,,,,Information gathering,Brainstorming,,,,Creative projects,,,,P0110,,,,,
True,REDACTED,Somewhat agree,Somewhat agree,Agree,Strongly agree,Agree,Strongly disagree,Agree,Somewhat agree,Agree,Agree,Agree,Strongly agree,Strongly agree,Strongly agree,Strongly disagree,Strongly disagree,Strongly disagree,Very much,Very much,Slightly,Agree,Strongly agree,Strongly agree,Strongly agree,Disagree,Disagree,Disagree,Average,Average,Slightly better than average,Slightly better than average,Average,About the same,About the same,About the same,About the same,About the same,Very familiar,Very familiar,Familiar,Never heard of it,Familiar,Never heard of it,Slightly familiar,Never heard of it,Never heard of it,Never heard of it,Never heard of it,Very familiar,Mary,pink,2,west,b,Yes,Helping Paws Animal Wellness,1.0,"Writing assistance (e.g., emails, documents)",,Information gathering,,,,Work tasks,,,,,P0364,,,,,
True,REDACTED,Agree,Somewhat disagree,Strongly agree,Somewhat agree,Somewhat agree,Somewhat disagree,Somewhat agree,Somewhat disagree,Neither disagree nor agree,Neither disagree nor agree,Agree,Agree,Neither disagree nor agree,Neither disagree nor agree,Disagree,Disagree,Disagree,Not at all,Not at all,Not at all,Disagree,Disagree,Disagree,Disagree,Neither agree nor disagree,Somewhat disagree,Somewhat agree,Average,Slightly better than average,Slightly better than average,Average,Average,Slightly better than them,Slightly better than them,Slightly better than them,Slightly better than them,Slightly better than them,Familiar,Familiar,Familiar,Never heard of it,Familiar,Never heard of it,Never heard of it,Never heard of it,Never heard of it,Never heard of it,Never heard of it,Familiar,Mary,"there are no stairs, one story",none,"It's an electric train, no smoke",b,Yes,Helping Paws Animal Wellness,1.0,"Writing assistance (e.g., emails, documents)",,Information gathering,,,Homework or studying,,,,,,P0765,,,,,
True,REDACTED,Agree,Somewhat disagree,Somewhat agree,Neither agree nor disagree,Disagree,Disagree,Agree,Neither agree nor disagree,Strongly agree,Agree,Agree,Strongly agree,Agree,Agree,Disagree,Strongly disagree,Strongly disagree,Very much,Very much,Moderately,Agree,Strongly agree,Agree,Agree,Somewhat agree,Somewhat agree,Neither agree nor disagree,Somewhat better than average,Somewhat better than average,Much better than average,Much better than average,Much better than average,Somewhat better than them,Much better than them,Somewhat better than them,Somewhat better than them,Somewhat better than them,Familiar,Very familiar,Slightly familiar,Somewhat familiar,Familiar,Somewhat familiar,Slightly familiar,Familiar,Slightly familiar,Slightly familiar,Somewhat familiar,Familiar,Mary,pink,none,none,The Yolk of the egg is white,No,,,,,Information gathering,,,Homework or studying,,Creative projects,,,,P1193,,,,,
True,REDACTED,Strongly agree,Disagree,Strongly agree,Disagree,Strongly agree,Disagree,Strongly agree,Disagree,Disagree,Disagree,Neither disagree nor agree,Neither disagree nor agree,Neither disagree nor agree,Disagree,Disagree,Disagree,Neither disagree nor agree,Quite a bit,Quite a bit,Very much,Somewhat disagree,Somewhat agree,Agree,Neither agree nor disagree,Agree,Agree,Agree,Slightly better than average,Average,Slightly better than average,Slightly worse than average,Slightly worse than average,Slightly better than them,Slightly worse than them,About the same,Somewhat better than them,About the same,Very familiar,Familiar,Very familiar,Never heard of it,Familiar,Familiar,Never heard of it,Never heard of it,Never heard of it,Never heard of it,Never heard of it,Very familiar,Nunu,Pink,2,North,b,No,,,"Writing assistance (e.g., emails, documents)",,Information gathering,Brainstorming,Personal advice,,,Creative projects,Therapy,Friendship/companionship,,P0893,,,,,
True,REDACTED,Strongly agree,Strongly disagree,Strongly agree,Agree,Somewhat disagree,Strongly disagree,Strongly agree,Disagree,Neither disagree nor agree,Agree,Agree,Agree,Neither disagree nor agree,Agree,Disagree,Disagree,Disagree,Moderately,Quite a bit,Not at all,Neither agree nor disagree,Strongly disagree,Somewhat agree,Somewhat disagree,Agree,Agree,Agree,Much better than average,Much better than average,Much better than average,Somewhat better than average,Somewhat better than average,Somewhat better than them,Much better than them,Somewhat better than them,Slightly better than them,Somewhat better than them,Familiar,Familiar,Familiar,Never heard of it,Never heard of it,Never heard of it,Never heard of it,Never heard of it,Never heard of it,Never heard of it,Never heard of it,Very familiar,Nunu,pink,2,west,b,Yes,GreenReef Conservation Initiative,1.0,,,Information gathering,Brainstorming,,,,Creative projects,,,,P0676,,,,,
True,REDACTED,Strongly disagree,Somewhat disagree,Strongly agree,Agree,Somewhat agree,Strongly disagree,Strongly agree,Strongly disagree,Agree,Agree,Agree,Agree,Agree,Agree,Disagree,Disagree,Disagree,Extremely,Very much,Not at all,Agree,Agree,Agree,Agree,Agree,Agree,Agree,Somewhat better than average,Slightly better than average,Somewhat better than average,Slightly better than average,Slightly better than average,About the same,Somewhat worse than them,About the same,About the same,About the same,Familiar,Familiar,Somewhat familiar,Never heard of it,Somewhat familiar,Slightly familiar,Never heard of it,Never heard of it,Never heard of it,Never heard of it,Never heard of it,Very familiar,Nunu,Pink,2,West,B,Yes,GreenReef Conservation Initiative,1.0,"Writing assistance (e.g., emails, documents)",,Information gathering,,Personal advice,,,,,,,P0636,,,,,
True,REDACTED,Agree,Somewhat disagree,Strongly agree,Neither agree nor disagree,Agree,Somewhat disagree,Agree,Neither agree nor disagree,Neither disagree nor agree,Agree,Agree,Agree,Agree,Neither disagree nor agree,Disagree,Disagree,Disagree,Moderately,Somewhat,Very much,Somewhat disagree,Somewhat disagree,Agree,Somewhat disagree,Somewhat agree,Somewhat agree,Somewhat agree,Slightly better than average,Somewhat better than average,Slightly better than average,Somewhat better than average,Somewhat better than average,About the same,Slightly better than them,Slightly better than them,Somewhat better than them,Somewhat better than them,Familiar,Very familiar,Very familiar,Slightly familiar,Familiar,Familiar,Familiar,Never heard of it,Never heard of it,Never heard of it,Never heard of it,Very familiar,Mary,There are no stairs it's a one-story house.,2,North,b,No,,,"Writing assistance (e.g., emails, documents)",,,Brainstorming,,,,Creative projects,,,,P0999,,,,,
True,REDACTED,Somewhat agree,Agree,Somewhat agree,Agree,Neither agree nor disagree,Somewhat agree,Somewhat agree,Somewhat agree,Agree,Agree,Agree,Strongly agree,Neither disagree nor agree,Neither disagree nor agree,Strongly disagree,Strongly disagree,Strongly disagree,Somewhat,Somewhat,Not at all,Neither agree nor disagree,Neither agree nor disagree,Neither agree nor disagree,Neither agree nor disagree,Somewhat agree,Somewhat agree,Agree,Somewhat better than average,Average,Somewhat better than average,Slightly better than average,Average,Somewhat better than them,About the same,Slightly better than them,Slightly better than them,About the same,Familiar,Somewhat familiar,Familiar,Never heard of it,Somewhat familiar,Never heard of it,Never heard of it,Never heard of it,Never heard of it,Never heard of it,Never heard of it,Familiar,Mary,No stairs,0,No smoke - electric train,b,No,,,,,Information gathering,,,,,,,,,P1081,,,,,
True,REDACTED,Strongly agree,Neither agree nor disagree,Strongly agree,Agree,Agree,Strongly disagree,Strongly agree,Somewhat disagree,Strongly disagree,Strongly disagree,Disagree,Agree,Agree,Agree,Disagree,Disagree,Disagree,Extremely,Extremely,Not at all,Agree,Agree,Agree,Agree,Somewhat disagree,Neither agree nor disagree,Somewhat agree,Slightly better than average,Somewhat better than average,Somewhat better than average,Somewhat better than average,Somewhat better than average,About the same,Slightly better than them,Slightly better than them,Slightly better than them,Slightly better than them,Familiar,Familiar,Very familiar,Never heard of it,Familiar,Very familiar,Slightly familiar,Never heard of it,Never heard of it,Slightly familiar,Slightly familiar,Familiar,Nunu,Pink,Two,North,B,No,,,,,,,,,,,,Friendship/companionship,,P0406,,,,,
True,REDACTED,Strongly agree,Somewhat agree,Somewhat agree,Agree,Somewhat agree,Agree,Somewhat agree,Somewhat agree,Agree,Neither disagree nor agree,Agree,Neither disagree nor agree,Neither disagree nor agree,Agree,Disagree,Neither disagree nor agree,Disagree,Very much,Extremely,Very much,Somewhat agree,Agree,Somewhat agree,Neither agree nor disagree,Somewhat agree,Agree,Somewhat agree,Somewhat better than average,Much better than average,Slightly better than average,Somewhat better than average,Slightly better than average,Somewhat better than them,Much better than them,Much better than them,Somewhat better than them,About the same,Familiar,Familiar,Familiar,Very familiar,Somewhat familiar,Slightly familiar,Very familiar,Familiar,Familiar,Very familiar,Very familiar,Familiar,Nunu,pink,5,north,b,Yes,Young & Bright Education Fund,1.27,,,,Brainstorming,Personal advice,,Work tasks,,,,,P1053,,,,,
True,REDACTED,Strongly agree,Somewhat disagree,Agree,Agree,Agree,Somewhat disagree,Agree,Somewhat disagree,Disagree,Agree,Agree,Agree,Disagree,Disagree,Agree,Disagree,Disagree,Not at all,Not at all,Extremely,Somewhat agree,Somewhat disagree,Somewhat disagree,Strongly disagree,Agree,Agree,Agree,Somewhat better than average,Slightly better than average,Average,Somewhat worse than average,Slightly better than average,Somewhat better than them,About the same,About the same,Somewhat worse than them,About the same,Familiar,Familiar,Somewhat familiar,Never heard of it,Never heard of it,Familiar,Never heard of it,Never heard of it,Never heard of it,Never heard of it,Never heard of it,Familiar,Nunu,pink,12,west,b,No,,,"Writing assistance (e.g., emails, documents)",,Information gathering,,Personal advice,,,Creative projects,,,,P1166,,,,,
True,REDACTED,Agree,Disagree,Agree,Neither agree nor disagree,Agree,Disagree,Agree,Disagree,Agree,Agree,Agree,Agree,Agree,Agree,Disagree,Neither disagree nor agree,Disagree,Moderately,Moderately,Quite a bit,Somewhat agree,Neither agree nor disagree,Neither agree nor disagree,Somewhat disagree,Agree,Somewhat agree,Somewhat agree,Somewhat better than average,Somewhat better than average,Somewhat better than average,Somewhat better than average,Somewhat better than average,Somewhat better than them,Somewhat better than them,Somewhat better than them,Somewhat better than them,Somewhat better than them,Somewhat familiar,Very familiar,Very familiar,Familiar,Familiar,Somewhat familiar,Familiar,Slightly familiar,Never heard of it,Familiar,Slightly familiar,Very familiar,Mary,A one-storey doesn't have stairs,It was Noah not Moses,Electric trains don't produce smoke,The yolk of the egg are white,Yes,Young & Bright Education Fund,1.0,"Writing assistance (e.g., emails, documents)",Coding,,Brainstorming,,,Work tasks,,Therapy,Friendship/companionship,,P1194,,,,,
True,REDACTED,Strongly agree,Neither agree nor disagree,Agree,Somewhat agree,Neither agree nor disagree,Neither agree nor disagree,Somewhat agree,Somewhat agree,Agree,Agree,Agree,Neither disagree nor agree,Neither disagree nor agree,Neither disagree nor agree,Disagree,Disagree,Disagree,Very much,Extremely,Not at all,Neither agree nor disagree,Somewhat disagree,Somewhat disagree,Neither agree nor disagree,Somewhat agree,Somewhat agree,Agree,Slightly better than average,Average,Average,Slightly worse than average,Average,Slightly better than them,About the same,About the same,Slightly worse than them,About the same,Very familiar,Familiar,Very familiar,Never heard of it,Somewhat familiar,Slightly familiar,Never heard of it,Never heard of it,Never heard of it,Never heard of it,Never heard of it,Very familiar,Mary,There are no stairs as the home has only 1 floor.,2,An electric train does not blow smoke.,"neither one, egg yolk is yellow.",No,,,"Writing assistance (e.g., emails, documents)",,Information gathering,,,,,,,,,P0689,,,,,
True,REDACTED,Agree,Agree,Agree,Agree,Strongly disagree,Agree,Agree,Strongly disagree,Agree,Agree,Agree,Agree,Agree,Agree,Agree,Agree,Agree,Quite a bit,Quite a bit,Moderately,Agree,Agree,Agree,Somewhat agree,Disagree,Agree,Neither agree nor disagree,Somewhat better than average,Somewhat better than average,Somewhat better than average,Much better than average,Much better than average,Somewhat better than them,Somewhat better than them,Somewhat better than them,Somewhat better than them,Somewhat better than them,Familiar,Never heard of it,Familiar,Never heard of it,Never heard of it,Never heard of it,Never heard of it,Never heard of it,Familiar,Never heard of it,Familiar,Familiar,nunu,pink,7,north,b,No,,,,,Information gathering,,Personal advice,,,Creative projects,,,,P0815,,,,,
True,REDACTED,Agree,Somewhat agree,Agree,Agree,Agree,Agree,Somewhat agree,Agree,Agree,Agree,Agree,Agree,Agree,Agree,Strongly disagree,Strongly disagree,Disagree,Quite a bit,Extremely,Very much,Agree,Agree,Agree,Agree,Disagree,Agree,Agree,Somewhat better than average,Somewhat better than average,Somewhat better than average,Somewhat better than average,Somewhat better than average,Somewhat better than them,Slightly better than them,Slightly better than them,Somewhat better than them,Somewhat better than them,Familiar,Familiar,Very familiar,Familiar,Familiar,Slightly familiar,Familiar,Familiar,Very familiar,Slightly familiar,Slightly familiar,Very familiar,Mary,PINK,2,West,the yolk of the egg is white,No,,,"Writing assistance (e.g., emails, documents)",,,,Personal advice,Homework or studying,,Creative projects,,,,P1170,,,,,
True,REDACTED,Agree,Somewhat agree,Agree,Somewhat agree,Somewhat disagree,Somewhat disagree,Agree,Somewhat disagree,Disagree,Disagree,Disagree,Neither disagree nor agree,Agree,Agree,Disagree,Strongly disagree,Strongly disagree,Moderately,Quite a bit,Moderately,Agree,Somewhat agree,Somewhat agree,Neither agree nor disagree,Somewhat agree,Somewhat disagree,Agree,Somewhat better than average,Slightly better than average,Somewhat better than average,Slightly better than average,Somewhat better than average,Somewhat better than them,Slightly better than them,Slightly better than them,Slightly better than them,Somewhat better than them,Very familiar,Familiar,Familiar,Never heard of it,Familiar,Somewhat familiar,Never heard of it,Never heard of it,Never heard of it,Never heard of it,Never heard of it,Familiar,Mary,No stairs available.,2,Electric trains don't have smoke.,b,Yes,Young & Bright Education Fund,2.0,,,Information gathering,,,,Work tasks,,,,,P1096,,,,,
True,REDACTED,Agree,Somewhat disagree,Agree,Neither agree nor disagree,Agree,Somewhat disagree,Agree,Somewhat disagree,Disagree,Disagree,Disagree,Disagree,Disagree,Disagree,Disagree,Disagree,Disagree,Quite a bit,Quite a bit,Not at all,Somewhat agree,Somewhat disagree,Agree,Somewhat agree,Agree,Agree,Agree,Somewhat better than average,Average,Average,Somewhat better than average,Average,About the same,Slightly worse than them,About the same,Slightly worse than them,Slightly worse than them,Familiar,Familiar,Familiar,Never heard of it,Familiar,Familiar,Never heard of it,Never heard of it,Never heard of it,Never heard of it,Never heard of it,Familiar,Nunu,pink,two,west,b,No,,,"Writing assistance (e.g., emails, documents)",,,Brainstorming,Personal advice,,Work tasks,Creative projects,,,,P0860,,,,,
True,REDACTED,Strongly agree,Neither agree nor disagree,Strongly agree,Agree,Somewhat agree,Disagree,Agree,Neither agree nor disagree,Agree,Strongly agree,Strongly agree,Strongly agree,Strongly agree,Strongly agree,Strongly disagree,Strongly disagree,Strongly disagree,Quite a bit,Quite a bit,Not at all,Agree,Neither agree nor disagree,Agree,Somewhat agree,Agree,Agree,Strongly agree,Slightly better than average,Slightly better than average,Slightly better than average,Slightly better than average,Slightly better than average,About the same,About the same,About the same,About the same,About the same,Very familiar,Very familiar,Very familiar,Never heard of it,Familiar,Familiar,Never heard of it,Never heard of it,Never heard of it,Never heard of it,Never heard of it,Very familiar,Nunu,pink,two,west,b,Yes,GreenReef Conservation Initiative,1.0,,,Information gathering,,,,,,,,,P1160,,,,,
True,REDACTED,Agree,Somewhat disagree,Agree,Somewhat agree,Agree,Somewhat disagree,Agree,Somewhat disagree,Agree,Agree,Agree,Agree,Agree,Agree,Strongly disagree,Strongly disagree,Strongly disagree,Moderately,Moderately,Not at all,Agree,Agree,Agree,Agree,Agree,Agree,Agree,Slightly better than average,Slightly better than average,Somewhat better than average,Much better than average,Slightly better than average,About the same,About the same,Slightly better than them,Somewhat better than them,About the same,Somewhat familiar,Very familiar,Very familiar,Never heard of it,Familiar,Never heard of it,Never heard of it,Never heard of it,Never heard of it,Never heard of it,Somewhat familiar,Very familiar,Mary ,There are no stairs since it is a one story house ,2,west,B,No,,,,,,,,,,Creative projects,,,,P1387,,,,,
True,REDACTED,Strongly agree,Neither agree nor disagree,Strongly agree,Somewhat agree,Strongly agree,Neither agree nor disagree,Strongly agree,Disagree,Strongly disagree,Strongly disagree,Disagree,Neither disagree nor agree,Neither disagree nor agree,Disagree,Neither disagree nor agree,Neither disagree nor agree,Neither disagree nor agree,Extremely,Not at all,Not at all,Disagree,Somewhat agree,Agree,Disagree,Agree,Agree,Agree,Much better than average,Average,Somewhat better than average,Average,Average,Much better than them,About the same,Slightly better than them,About the same,About the same,Very familiar,Somewhat familiar,Very familiar,Never heard of it,Somewhat familiar,Somewhat familiar,Never heard of it,Never heard of it,Never heard of it,Never heard of it,Never heard of it,Very familiar,Mary,pink,"none (should be ""Noah"")",There will be no smoke from an electric train,(b),No,,,,Coding,Information gathering,,,,,,,,,P0016,,,,,
True,REDACTED,Strongly agree,Somewhat disagree,Strongly agree,Agree,Strongly agree,Strongly disagree,Strongly agree,Somewhat disagree,Agree,Agree,Agree,Agree,Agree,Agree,Strongly disagree,Strongly disagree,Strongly disagree,Extremely,Quite a bit,Not at all,Strongly agree,Strongly agree,Strongly agree,Strongly agree,Agree,Agree,Somewhat agree,Average,Average,Average,Average,Average,About the same,About the same,About the same,About the same,About the same,Very familiar,Very familiar,Very familiar,Never heard of it,Somewhat familiar,Slightly familiar,Never heard of it,Never heard of it,Never heard of it,Never heard of it,Never heard of it,Very familiar,Mary,pink,2,west,b,No,,,"Writing assistance (e.g., emails, documents)",,Information gathering,,,,,,,,,P0204,,,,,
True,REDACTED,Neither agree nor disagree,Strongly disagree,Neither agree nor disagree,Neither agree nor disagree,Neither agree nor disagree,Disagree,Somewhat agree,Disagree,Disagree,Disagree,Agree,Neither disagree nor agree,Neither disagree nor agree,Disagree,Disagree,Neither disagree nor agree,Neither disagree nor agree,Somewhat,Somewhat,Not at all,Neither agree nor disagree,Neither agree nor disagree,Neither agree nor disagree,Neither agree nor disagree,Neither agree nor disagree,Neither agree nor disagree,Neither agree nor disagree,Slightly better than average,Slightly better than average,Somewhat better than average,Average,Slightly better than average,About the same,About the same,About the same,About the same,About the same,Very familiar,Very familiar,Very familiar,Never heard of it,Slightly familiar,Slightly familiar,Slightly familiar,Never heard of it,Never heard of it,Never heard of it,Familiar,Very familiar,Mary,No stairs,Noah put animals on the ark.,No smoke.,the yolk of the is white,No,,,"Writing assistance (e.g., emails, documents)",Coding,Information gathering,Brainstorming,,Homework or studying,Work tasks,Creative projects,,,,P1335,,,,,
True,REDACTED,Somewhat agree,Somewhat disagree,Agree,Neither agree nor disagree,Somewhat agree,Neither agree nor disagree,Neither agree nor disagree,Somewhat agree,Agree,Agree,Agree,Neither disagree nor agree,Agree,Neither disagree nor agree,Neither disagree nor agree,Strongly agree,Strongly agree,Quite a bit,Very much,Very much,Agree,Neither agree nor disagree,Somewhat agree,Somewhat agree,Neither agree nor disagree,Somewhat agree,Somewhat agree,Average,Average,Slightly better than average,Average,Slightly better than average,Slightly worse than them,Slightly better than them,Slightly worse than them,About the same,Slightly better than them,Very familiar,Somewhat familiar,Familiar,Familiar,Familiar,Somewhat familiar,Familiar,Familiar,Very familiar,Somewhat familiar,Somewhat familiar,Familiar,Mary,,2,,Both,No,,,,,,,,,,,Therapy,,,P0280,,,,,
True,REDACTED,Agree,Strongly agree,Neither agree nor disagree,Somewhat agree,Agree,Somewhat agree,Neither agree nor disagree,Somewhat agree,Agree,Strongly agree,Strongly agree,Strongly agree,Strongly agree,Agree,Agree,Neither disagree nor agree,Strongly agree,Very much,Very much,Extremely,Agree,Somewhat agree,Agree,Agree,Agree,Somewhat agree,Agree,Somewhat better than average,Somewhat better than average,Much better than average,Somewhat better than average,Somewhat better than average,Somewhat better than them,Somewhat better than them,Much better than them,Somewhat better than them,Somewhat better than them,Slightly familiar,Very familiar,Very familiar,Slightly familiar,Somewhat familiar,Somewhat familiar,Familiar,Familiar,Familiar,Somewhat familiar,Somewhat familiar,Somewhat familiar,mary,there were no stairs ,none,none,the yolk of the egg is whitw,Yes,GreenReef Conservation Initiative,1.0,"Writing assistance (e.g., emails, documents)",,,Brainstorming,,Homework or studying,,,Therapy,,,P1272,,,,,
True,REDACTED,Agree,Neither agree nor disagree,Somewhat agree,Somewhat agree,Somewhat disagree,Agree,Neither agree nor disagree,Disagree,Strongly disagree,Strongly disagree,Strongly disagree,Strongly disagree,Strongly disagree,Strongly disagree,Strongly agree,Agree,Agree,Somewhat,Not at all,Somewhat,Strongly disagree,Neither agree nor disagree,Strongly disagree,Strongly disagree,Agree,Agree,Disagree,Somewhat better than average,Slightly worse than average,Average,Somewhat better than average,Slightly better than average,Somewhat better than them,Somewhat worse than them,Somewhat worse than them,About the same,About the same,Very familiar,Never heard of it,Very familiar,Slightly familiar,Very familiar,Never heard of it,Familiar,Somewhat familiar,Never heard of it,Never heard of it,Somewhat familiar,Very familiar,Mary,no stairs in a one story house,2,east,b,No,,,"Writing assistance (e.g., emails, documents)",,Information gathering,Brainstorming,,Homework or studying,,Creative projects,Therapy,,,P1098,,,,,
True,REDACTED,Strongly agree,Somewhat disagree,Agree,Somewhat agree,Somewhat agree,Strongly disagree,Somewhat agree,Somewhat agree,Agree,Agree,Agree,Strongly agree,Strongly agree,Strongly agree,Strongly disagree,Strongly disagree,Strongly disagree,Moderately,Somewhat,Slightly,Somewhat agree,Somewhat agree,Agree,Agree,Somewhat agree,Somewhat agree,Strongly agree,Slightly better than average,Somewhat better than average,Average,Somewhat better than average,Somewhat better than average,About the same,About the same,Slightly worse than them,Slightly better than them,Slightly better than them,Familiar,Familiar,Very familiar,Never heard of it,Never heard of it,Familiar,Never heard of it,Never heard of it,Never heard of it,Never heard of it,Never heard of it,Somewhat familiar,nunu,pink,2,west,b,Yes,Helping Paws Animal Wellness,2.0,,,Information gathering,,,,,,,,,P1246,,,,,
True,REDACTED,Somewhat agree,Somewhat disagree,Somewhat agree,Somewhat agree,Somewhat agree,Somewhat agree,Somewhat agree,Somewhat disagree,Agree,Agree,Agree,Agree,Agree,Agree,Disagree,Disagree,Disagree,Slightly,Slightly,Moderately,Somewhat agree,Somewhat disagree,Somewhat agree,Somewhat agree,Somewhat agree,Somewhat disagree,Somewhat agree,Slightly better than average,Average,Average,Slightly worse than average,Average,Slightly better than them,About the same,About the same,Slightly worse than them,About the same,Somewhat familiar,Slightly familiar,Slightly familiar,Never heard of it,Never heard of it,Never heard of it,Never heard of it,Never heard of it,Never heard of it,Never heard of it,Never heard of it,Familiar,,pink,2,west,b,No,,,,Coding,Information gathering,Brainstorming,Personal advice,,Work tasks,,,,,P1307,,,,,
True,REDACTED,Agree,Neither agree nor disagree,Strongly agree,Strongly agree,Somewhat agree,Neither agree nor disagree,Agree,Neither agree nor disagree,Agree,Agree,Agree,Agree,Agree,Agree,Strongly disagree,Strongly disagree,Strongly disagree,Very much,Very much,Not at all,Strongly agree,Strongly agree,Strongly agree,Strongly agree,Agree,Agree,Agree,Slightly better than average,Slightly better than average,Slightly better than average,Slightly better than average,Slightly better than average,About the same,About the same,About the same,About the same,About the same,Very familiar,Never heard of it,Very familiar,Never heard of it,Familiar,Never heard of it,Never heard of it,Never heard of it,Never heard of it,Never heard of it,Never heard of it,Very familiar,Mary,pink,27,west,b,No,,,,,Information gathering,,,,,,,,,P0677,,,,,
True,REDACTED,Strongly agree,Somewhat agree,Agree,Neither agree nor disagree,Somewhat agree,Neither agree nor disagree,Strongly agree,Somewhat agree,Strongly disagree,Strongly disagree,Strongly disagree,Strongly disagree,Strongly disagree,Disagree,Strongly agree,Agree,Agree,Quite a bit,Extremely,Not at all,Agree,Agree,Strongly agree,Strongly agree,Somewhat disagree,Somewhat disagree,Neither agree nor disagree,Average,Average,Average,Somewhat better than average,Average,About the same,About the same,About the same,About the same,Slightly worse than them,Very familiar,Very familiar,Somewhat familiar,Slightly familiar,Somewhat familiar,Slightly familiar,Never heard of it,Never heard of it,Never heard of it,Never heard of it,Never heard of it,Very familiar,Mary,pink,2,south,b,Yes,Helping Paws Animal Wellness,1.0,,,Information gathering,,,,,,,,,P1221,,,,,
True,REDACTED,Somewhat agree,Somewhat agree,Somewhat agree,Agree,Agree,Agree,Agree,Somewhat agree,Agree,Neither disagree nor agree,Agree,Neither disagree nor agree,Agree,Neither disagree nor agree,Neither disagree nor agree,Agree,Neither disagree nor agree,Very much,Quite a bit,Very much,Somewhat agree,Agree,Somewhat agree,Somewhat agree,Somewhat agree,Agree,Somewhat agree,Slightly better than average,Somewhat better than average,Slightly better than average,Somewhat better than average,Slightly better than average,Slightly better than them,Somewhat better than them,Slightly better than them,Slightly better than them,Slightly better than them,Slightly familiar,Very familiar,Very familiar,Slightly familiar,Familiar,Somewhat familiar,Somewhat familiar,Slightly familiar,Slightly familiar,Never heard of it,Familiar,Very familiar,Mary,pink,none,west,none,No,,,,,Information gathering,,,,,Creative projects,,,,P0652,,,,,
True,REDACTED,Agree,Neither agree nor disagree,Somewhat agree,Strongly agree,Agree,Somewhat disagree,Somewhat agree,Neither agree nor disagree,Neither disagree nor agree,Agree,Agree,Neither disagree nor agree,Agree,Agree,Disagree,Disagree,Disagree,Very much,Extremely,Not at all,Agree,Somewhat agree,Agree,Agree,Somewhat agree,Somewhat agree,Agree,Average,Slightly worse than average,Average,Average,Average,About the same,Slightly worse than them,About the same,About the same,About the same,Very familiar,Somewhat familiar,Familiar,Never heard of it,Slightly familiar,Familiar,Never heard of it,Never heard of it,Never heard of it,Never heard of it,Never heard of it,Familiar,Nunu,pink,2,west,b,Yes,GreenReef Conservation Initiative,1.15,"Writing assistance (e.g., emails, documents)",,,,,,,,,,,P1150,,,,,
True,REDACTED,Agree,Somewhat agree,Somewhat agree,Agree,Neither agree nor disagree,Somewhat agree,Neither agree nor disagree,Somewhat agree,Disagree,Neither disagree nor agree,Neither disagree nor agree,Disagree,Disagree,Disagree,Agree,Neither disagree nor agree,Neither disagree nor agree,Slightly,Slightly,Slightly,Somewhat agree,Somewhat agree,Somewhat agree,Somewhat agree,Somewhat agree,Somewhat agree,Somewhat agree,Slightly better than average,Slightly better than average,Slightly better than average,Average,Slightly better than average,Slightly better than them,Slightly better than them,Slightly better than them,About the same,Somewhat better than them,Very familiar,Never heard of it,Very familiar,Slightly familiar,Somewhat familiar,Familiar,Slightly familiar,Never heard of it,Never heard of it,Never heard of it,Somewhat familiar,Very familiar,mary,pink,2,west,b,No,,,,,Information gathering,,,,,,,,,P1184,,,,,
True,REDACTED,Strongly agree,Disagree,Agree,Somewhat agree,Somewhat disagree,Strongly disagree,Neither agree nor disagree,Neither agree nor disagree,Disagree,Disagree,Agree,Strongly agree,Agree,Agree,Strongly disagree,Strongly disagree,Strongly disagree,Moderately,Quite a bit,Slightly,Neither agree nor disagree,Disagree,Somewhat disagree,Neither agree nor disagree,Agree,Somewhat agree,Agree,Somewhat better than average,Somewhat better than average,Somewhat better than average,Somewhat better than average,Somewhat better than average,Somewhat better than them,Somewhat better than them,Somewhat better than them,Somewhat better than them,Somewhat better than them,Slightly familiar,Very familiar,Very familiar,Never heard of it,Slightly familiar,Never heard of it,Never heard of it,Never heard of it,Never heard of it,Never heard of it,Never heard of it,Very familiar,Mary,pink,2,West,b,Yes,Young & Bright Education Fund,1.0,"Writing assistance (e.g., emails, documents)",,,Brainstorming,,,Work tasks,Creative projects,,,,P1041,,,,,
True,REDACTED,Strongly agree,Neither agree nor disagree,Agree,Agree,Strongly agree,Strongly disagree,Strongly agree,Somewhat agree,Agree,Agree,Agree,Agree,Agree,Agree,Strongly disagree,Strongly disagree,Strongly disagree,Very much,Very much,Not at all,Somewhat agree,Somewhat agree,Somewhat agree,Neither agree nor disagree,Somewhat agree,Somewhat agree,Agree,Slightly better than average,Slightly better than average,Slightly better than average,Slightly better than average,Somewhat better than average,Slightly better than them,Somewhat better than them,Somewhat better than them,Somewhat better than them,Much better than them,Familiar,Familiar,Familiar,Never heard of it,Never heard of it,Never heard of it,Never heard of it,Never heard of it,Never heard of it,Never heard of it,Never heard of it,Familiar,Mary,Pink,2,West,b,Yes,Young & Bright Education Fund,2.0,"Writing assistance (e.g., emails, documents)",,,Brainstorming,,Homework or studying,,Creative projects,,,,P0722,,,,,
True,REDACTED,Disagree,Disagree,Agree,Disagree,Strongly agree,Disagree,Neither agree nor disagree,Disagree,Agree,Agree,Agree,Agree,Agree,Agree,Disagree,Disagree,Disagree,Not at all,Not at all,Moderately,Somewhat agree,Somewhat agree,Somewhat agree,Somewhat agree,Strongly disagree,Strongly disagree,Somewhat agree,Much better than average,Much better than average,Much better than average,Somewhat better than average,Much better than average,Much better than them,Somewhat better than them,Much better than them,Somewhat better than them,Much better than them,Very familiar,Very familiar,Very familiar,Never heard of it,Very familiar,Very familiar,Never heard of it,Never heard of it,Never heard of it,Never heard of it,Very familiar,Very familiar,mary,pink,2,west,b,No,,,"Writing assistance (e.g., emails, documents)",Coding,Information gathering,Brainstorming,Personal advice,,Work tasks,Creative projects,,Friendship/companionship,,P0603,,,,,
True,REDACTED,Somewhat disagree,Somewhat agree,Strongly agree,Somewhat agree,Strongly agree,Strongly agree,Agree,Agree,Strongly agree,Strongly agree,Strongly agree,Agree,Strongly agree,Strongly agree,Strongly disagree,Disagree,Strongly disagree,Slightly,Somewhat,Quite a bit,Neither agree nor disagree,Somewhat agree,Neither agree nor disagree,Strongly agree,Agree,Neither agree nor disagree,Somewhat agree,Slightly better than average,Much better than average,Much better than average,Slightly better than average,Average,Much better than them,Slightly better than them,About the same,Slightly better than them,Much better than them,Very familiar,Never heard of it,Very familiar,Never heard of it,Familiar,Never heard of it,Somewhat familiar,Never heard of it,Never heard of it,Never heard of it,Slightly familiar,Very familiar,Nanna,Pink,2,North ,b,No,,,,,,Brainstorming,,,,Creative projects,Therapy,,,P0246,,,,,
True,REDACTED,Strongly agree,Strongly disagree,Strongly agree,Strongly agree,Strongly agree,Neither agree nor disagree,Strongly agree,Somewhat disagree,Strongly disagree,Strongly disagree,Neither disagree nor agree,Disagree,Disagree,Disagree,Neither disagree nor agree,Neither disagree nor agree,Neither disagree nor agree,Moderately,Quite a bit,Not at all,Somewhat agree,Neither agree nor disagree,Somewhat disagree,Neither agree nor disagree,Strongly agree,Strongly agree,Strongly agree,Average,Average,Average,Slightly better than average,Average,About the same,About the same,About the same,Slightly better than them,About the same,Familiar,Very familiar,Familiar,Never heard of it,Slightly familiar,Familiar,Never heard of it,Never heard of it,Never heard of it,Never heard of it,Never heard of it,Very familiar,Mary,Pink,Two,West,"B, the yolk of the egg is white ",No,,,,,Information gathering,,,,Work tasks,,,,,P0343,,,,,
True,REDACTED,Strongly agree,Neither agree nor disagree,Agree,Neither agree nor disagree,Agree,Strongly disagree,Strongly agree,Disagree,Agree,Strongly agree,Strongly agree,Agree,Agree,Agree,Strongly disagree,Strongly disagree,Strongly disagree,Moderately,Very much,Not at all,Strongly agree,Strongly agree,Strongly agree,Strongly agree,Disagree,Disagree,Disagree,Much better than average,Much better than average,Somewhat better than average,Slightly better than average,Somewhat better than average,Somewhat better than them,Somewhat better than them,About the same,About the same,Somewhat better than them,Very familiar,Very familiar,Very familiar,Never heard of it,Very familiar,Familiar,Never heard of it,Never heard of it,Never heard of it,Never heard of it,Never heard of it,Very familiar,Mary,"There are probably no stairs because it's one story, otherwise they would be pink","Moses did not put animals on the ark, Noah did.",There is no smoke,(b) 'the yolk of the egg is white' is correct,No,,,,,Information gathering,Brainstorming,,Homework or studying,Work tasks,,,,,P0230,,,,,
True,REDACTED,Strongly agree,Neither agree nor disagree,Strongly agree,Agree,Agree,Somewhat disagree,Somewhat agree,Somewhat disagree,Agree,Neither disagree nor agree,Neither disagree nor agree,Disagree,Disagree,Disagree,Agree,Neither disagree nor agree,Neither disagree nor agree,Moderately,Moderately,Not at all,Neither agree nor disagree,Neither agree nor disagree,Somewhat agree,Neither agree nor disagree,Somewhat disagree,Somewhat agree,Agree,Somewhat better than average,Average,Slightly worse than average,Slightly worse than average,Average,About the same,Slightly worse than them,Slightly worse than them,Slightly worse than them,About the same,Very familiar,Very familiar,Very familiar,Never heard of it,Never heard of it,Very familiar,Never heard of it,Never heard of it,Never heard of it,Never heard of it,Never heard of it,Very familiar,Mary,no stairs in a one story house (not storey),2,west,B,No,,,,,Information gathering,,,,,,,,,P0589,,,,,
True,REDACTED,Neither agree nor disagree,Agree,Neither agree nor disagree,Strongly agree,Strongly disagree,Neither agree nor disagree,Agree,Strongly agree,Strongly agree,Strongly agree,Strongly agree,Strongly agree,Strongly agree,Strongly agree,Strongly disagree,Strongly disagree,Strongly disagree,Very much,Very much,Extremely,Strongly agree,Strongly agree,Strongly agree,Strongly agree,Strongly disagree,Strongly disagree,Strongly disagree,Average,Average,Average,Average,Average,Somewhat better than them,Much better than them,Much better than them,Much better than them,Somewhat better than them,Very familiar,Very familiar,Very familiar,Never heard of it,Familiar,Very familiar,Very familiar,Never heard of it,Never heard of it,Never heard of it,Never heard of it,Very familiar,Mary,pink,12,west,B,No,,,"Writing assistance (e.g., emails, documents)",Coding,Information gathering,Brainstorming,Personal advice,,Work tasks,,Therapy,Friendship/companionship,,P0155,,,,,
True,REDACTED,Strongly agree,Somewhat disagree,Somewhat agree,Strongly agree,Agree,Somewhat disagree,Strongly agree,Somewhat disagree,Agree,Strongly agree,Strongly agree,Strongly agree,Strongly agree,Disagree,Strongly disagree,Strongly disagree,Disagree,Extremely,Extremely,Not at all,Strongly agree,Somewhat agree,Strongly agree,Somewhat agree,Somewhat agree,Somewhat agree,Somewhat agree,Slightly better than average,Much better than average,Slightly better than average,Average,Somewhat better than average,Slightly better than them,Slightly better than them,Much better than them,About the same,About the same,Very familiar,Very familiar,Very familiar,Never heard of it,Very familiar,Never heard of it,Never heard of it,Never heard of it,Never heard of it,Never heard of it,Very familiar,Very familiar,Mary,"No stairs, it was one story. ",2,No smoke because it's an electric train,B,No,,,"Writing assistance (e.g., emails, documents)",,Information gathering,,,,,,,,,P0894,,,,,
True,REDACTED,Strongly agree,Somewhat agree,Strongly agree,Strongly agree,Agree,Strongly disagree,Strongly agree,Somewhat agree,Disagree,Disagree,Agree,Agree,Agree,Agree,Disagree,Disagree,Disagree,Slightly,Slightly,Very much,Somewhat agree,Somewhat agree,Agree,Somewhat disagree,Strongly disagree,Strongly disagree,Strongly disagree,Much better than average,Somewhat better than average,Much better than average,Much better than average,Much better than average,Somewhat better than them,About the same,Much better than them,Somewhat better than them,Somewhat better than them,Very familiar,Very familiar,Very familiar,Familiar,Somewhat familiar,Familiar,Never heard of it,Never heard of it,Never heard of it,Never heard of it,Never heard of it,Very familiar, Mary,brown,2,west,b,No,,,"Writing assistance (e.g., emails, documents)",,Information gathering,Brainstorming,Personal advice,,Work tasks,,,,,P0535,,,,,
True,REDACTED,Strongly agree,Somewhat disagree,Agree,Somewhat agree,Agree,Disagree,Strongly agree,Neither agree nor disagree,Agree,Neither disagree nor agree,Neither disagree nor agree,Disagree,Disagree,Disagree,Disagree,Neither disagree nor agree,Disagree,Very much,Slightly,Not at all,Somewhat disagree,Somewhat disagree,Somewhat disagree,Agree,Somewhat agree,Somewhat disagree,Agree,Slightly better than average,Slightly better than average,Somewhat better than average,Average,Slightly worse than average,About the same,Slightly better than them,Somewhat better than them,Slightly worse than them,About the same,Familiar,Very familiar,Somewhat familiar,Never heard of it,Familiar,Very familiar,Slightly familiar,Never heard of it,Slightly familiar,Never heard of it,Never heard of it,Very familiar,Mary,Why would it have stairs?,Wasn't it Noah who did that?,An electric train shouldn't generate smoke. ,"Option b is grammatically correct, but it is incorrect in a logical sense, since the yolk is yellow",Yes,Young & Bright Education Fund,1.5,"Writing assistance (e.g., emails, documents)",,Information gathering,,,,Work tasks,,,,,P0482,,,,,
True,REDACTED,Somewhat agree,Somewhat disagree,Neither agree nor disagree,Somewhat agree,Neither agree nor disagree,Somewhat agree,Neither agree nor disagree,Somewhat disagree,Disagree,Neither disagree nor agree,Neither disagree nor agree,Disagree,Disagree,Neither disagree nor agree,Neither disagree nor agree,Disagree,Neither disagree nor agree,Moderately,Somewhat,Not at all,Neither agree nor disagree,Somewhat disagree,Somewhat disagree,Neither agree nor disagree,Agree,Neither agree nor disagree,Somewhat agree,Slightly better than average,Average,Somewhat better than average,Average,Somewhat better than average,About the same,Slightly worse than them,Somewhat better than them,Slightly worse than them,Slightly better than them,Familiar,Somewhat familiar,Somewhat familiar,Never heard of it,Somewhat familiar,Somewhat familiar,Never heard of it,Never heard of it,Never heard of it,Never heard of it,Never heard of it,Familiar,Mary,Pink,Two,What smoke? It's an electric train.,A,No,,,"Writing assistance (e.g., emails, documents)",Coding,Information gathering,,,,Work tasks,,,,,P1087,,,,,
True,REDACTED,Strongly agree,Somewhat disagree,Strongly agree,Neither agree nor disagree,Agree,Disagree,Strongly agree,Somewhat disagree,Agree,Agree,Agree,Strongly agree,Agree,Agree,Strongly disagree,Strongly disagree,Strongly disagree,Quite a bit,Extremely,Slightly,Strongly agree,Agree,Strongly agree,Agree,Disagree,Disagree,Disagree,Average,Slightly better than average,Somewhat better than average,Slightly better than average,Slightly better than average,About the same,About the same,Slightly better than them,Slightly better than them,About the same,Familiar,Very familiar,Familiar,Never heard of it,Never heard of it,Slightly familiar,Never heard of it,Never heard of it,Never heard of it,Never heard of it,Never heard of it,Very familiar,Mary,no stairs as it is a one-storey house,2,an electric train does not produce smoke,yolk is not white,Yes,Helping Paws Animal Wellness,1.5,,,Information gathering,Brainstorming,,,,,,,,P0769,,,,,
True,REDACTED,Strongly agree,Strongly disagree,Strongly agree,Strongly agree,Strongly agree,Strongly disagree,Strongly agree,Strongly disagree,Strongly disagree,Neither disagree nor agree,Neither disagree nor agree,Agree,Agree,Agree,Disagree,Disagree,Disagree,Very much,Very much,Moderately,Somewhat agree,Somewhat agree,Agree,Somewhat agree,Strongly disagree,Strongly disagree,Strongly disagree,Slightly better than average,Much better than average,Much better than average,Much better than average,Much better than average,Slightly better than them,Much better than them,Much better than them,Much better than them,Much better than them,Very familiar,Very familiar,Very familiar,Never heard of it,Familiar,Familiar,Familiar,Never heard of it,Never heard of it,Never heard of it,Never heard of it,Very familiar,Nunu,pink,Two,West,"Neither, given the yolk is yellow, but B is grammatically correct.",No,,,"Writing assistance (e.g., emails, documents)",Coding,Information gathering,,,,,Creative projects,,,,P0205,,,,,
True,REDACTED,Strongly agree,Neither agree nor disagree,Strongly agree,Somewhat agree,Somewhat agree,Neither agree nor disagree,Agree,Neither agree nor disagree,Agree,Agree,Agree,Agree,Agree,Agree,Strongly disagree,Strongly disagree,Strongly disagree,Somewhat,Slightly,Not at all,Somewhat agree,Neither agree nor disagree,Somewhat agree,Neither agree nor disagree,Neither agree nor disagree,Somewhat agree,Somewhat agree,Slightly better than average,Average,Slightly better than average,Somewhat better than average,Slightly better than average,Slightly better than them,About the same,Slightly better than them,Slightly better than them,Slightly better than them,Very familiar,Never heard of it,Very familiar,Never heard of it,Familiar,Slightly familiar,Never heard of it,Never heard of it,Never heard of it,Never heard of it,Never heard of it,Familiar,Mary,pink,two,west,(b) the yolk of the egg is white,Yes,GreenReef Conservation Initiative,2.0,,,Information gathering,,,,,,,,,P0637,,,,,
True,REDACTED,Strongly agree,Neither agree nor disagree,Strongly agree,Agree,Agree,Disagree,Strongly agree,Neither agree nor disagree,Agree,Agree,Agree,Agree,Agree,Agree,Strongly disagree,Strongly disagree,Strongly disagree,Moderately,Somewhat,Slightly,Agree,Somewhat agree,Agree,Agree,Somewhat agree,Somewhat agree,Somewhat agree,Average,Average,Average,Slightly better than average,Slightly better than average,About the same,About the same,About the same,About the same,About the same,Familiar,Somewhat familiar,Familiar,Never heard of it,Slightly familiar,Slightly familiar,Never heard of it,Never heard of it,Never heard of it,Never heard of it,Slightly familiar,Very familiar,Mary2,pink,2,west,b,Yes,Helping Paws Animal Wellness,1.0,"Writing assistance (e.g., emails, documents)",,Information gathering,Brainstorming,,Homework or studying,,,,,,P0393,,,,,
True,REDACTED,Strongly agree,Disagree,Agree,Somewhat disagree,Strongly agree,Strongly disagree,Strongly agree,Strongly disagree,Disagree,Strongly disagree,Disagree,Strongly disagree,Strongly disagree,Strongly disagree,Strongly agree,Agree,Strongly agree,Moderately,Somewhat,Somewhat,Strongly disagree,Strongly disagree,Strongly disagree,Strongly disagree,Agree,Somewhat agree,Agree,Slightly better than average,Slightly worse than average,Slightly worse than average,Slightly worse than average,Slightly better than average,Slightly better than them,Somewhat worse than them,Slightly worse than them,Slightly worse than them,About the same,Familiar,Familiar,Very familiar,Never heard of it,Never heard of it,Never heard of it,Never heard of it,Never heard of it,Never heard of it,Never heard of it,Never heard of it,Very familiar,Nina,pink,2,west, (a) the yolk of the egg is white,No,,,"Writing assistance (e.g., emails, documents)",,,,Personal advice,Homework or studying,,,,,,P1065,,,,,
True,REDACTED,Somewhat agree,Agree,Somewhat agree,Agree,Somewhat agree,Somewhat agree,Somewhat agree,Agree,Disagree,Disagree,Disagree,Disagree,Disagree,Disagree,Agree,Agree,Agree,Moderately,Moderately,Slightly,Somewhat disagree,Somewhat disagree,Somewhat disagree,Somewhat disagree,Agree,Agree,Agree,Average,Average,Average,Slightly better than average,Slightly better than average,About the same,About the same,About the same,Slightly better than them,Slightly better than them,Familiar,Familiar,Very familiar,Slightly familiar,Very familiar,Somewhat familiar,Never heard of it,Never heard of it,Never heard of it,Never heard of it,Slightly familiar,Familiar,Mary,No stairs; it's a one-story house.,Two,West,B: The yolk of the egg is white.,No,,,"Writing assistance (e.g., emails, documents)",,,Brainstorming,,,Work tasks,,,,,P0476,,,,,
True,REDACTED,Strongly agree,Disagree,Strongly agree,Neither agree nor disagree,Agree,Disagree,Agree,Somewhat disagree,Strongly disagree,Strongly disagree,Strongly disagree,Strongly disagree,Strongly disagree,Strongly disagree,Strongly agree,Strongly agree,Strongly agree,Moderately,Very much,Moderately,Agree,Neither agree nor disagree,Strongly agree,Neither agree nor disagree,Disagree,Disagree,Disagree,Average,Average,Somewhat better than average,Average,Somewhat better than average,About the same,About the same,Somewhat better than them,About the same,Slightly better than them,Somewhat familiar,Very familiar,Very familiar,Never heard of it,Never heard of it,Never heard of it,Never heard of it,Never heard of it,Never heard of it,Never heard of it,Never heard of it,Very familiar,Mary,Pink,He put two of each animal on the ark,south,(B) The yolk of the egg is white.,No,,,"Writing assistance (e.g., emails, documents)",,Information gathering,Brainstorming,Personal advice,,,,,Friendship/companionship,,P0741,,,,,
True,REDACTED,Strongly agree,Agree,Strongly agree,Strongly agree,Neither agree nor disagree,Neither agree nor disagree,Strongly agree,Somewhat agree,Strongly agree,Strongly agree,Strongly agree,Strongly agree,Strongly agree,Strongly agree,Strongly disagree,Strongly disagree,Strongly disagree,Extremely,Extremely,Extremely,Strongly agree,Strongly agree,Strongly agree,Strongly agree,Strongly agree,Strongly agree,Strongly agree,Slightly better than average,Average,Average,Average,Average,About the same,About the same,About the same,About the same,About the same,Very familiar,Very familiar,Very familiar,Somewhat familiar,Familiar,Very familiar,Never heard of it,Never heard of it,Never heard of it,Never heard of it,Never heard of it,Very familiar,Mary,there are no stairs,two,west,(b) the yolk of the egg is white,Yes,Helping Paws Animal Wellness,2.0,"Writing assistance (e.g., emails, documents)",,Information gathering,Brainstorming,Personal advice,Homework or studying,Work tasks,Creative projects,Therapy,Friendship/companionship,,P1073,,,,,
True,REDACTED,Agree,Somewhat agree,Somewhat agree,Agree,Somewhat agree,Somewhat disagree,Somewhat agree,Somewhat agree,Disagree,Disagree,Disagree,Disagree,Disagree,Disagree,Agree,Agree,Agree,Quite a bit,Quite a bit,Not at all,Somewhat agree,Somewhat disagree,Somewhat disagree,Somewhat agree,Somewhat disagree,Somewhat disagree,Somewhat agree,Slightly worse than average,Slightly better than average,Slightly better than average,Slightly better than average,Slightly better than average,About the same,Slightly better than them,About the same,About the same,About the same,Familiar,Familiar,Familiar,Never heard of it,Never heard of it,Never heard of it,Never heard of it,Never heard of it,Never heard of it,Never heard of it,Never heard of it,Familiar,Mary,pink,2,west,b,Yes,GreenReef Conservation Initiative,1.0,,,Information gathering,Brainstorming,,,,,,,,P0413,,,,,
True,REDACTED,Agree,Neither agree nor disagree,Somewhat agree,Somewhat agree,Agree,Disagree,Agree,Neither agree nor disagree,Strongly disagree,Strongly disagree,Strongly disagree,Neither disagree nor agree,Neither disagree nor agree,Neither disagree nor agree,Neither disagree nor agree,Neither disagree nor agree,Neither disagree nor agree,Very much,Not at all,Slightly,Somewhat disagree,Disagree,Neither agree nor disagree,Somewhat disagree,Agree,Neither agree nor disagree,Neither agree nor disagree,Slightly better than average,Slightly better than average,Average,Somewhat better than average,Average,About the same,About the same,About the same,Somewhat better than them,Somewhat worse than them,Very familiar,Familiar,Familiar,Never heard of it,Slightly familiar,Slightly familiar,Never heard of it,Never heard of it,Never heard of it,Never heard of it,Never heard of it,Very familiar,Nunu,there aren't stairs in a one story house,2,west,"neither, the yolk is yellow",No,,,,,,,,,Work tasks,Creative projects,,,,P0376,,,,,
True,REDACTED,Agree,Somewhat disagree,Agree,Somewhat agree,Agree,Disagree,Agree,Neither agree nor disagree,Strongly disagree,Strongly disagree,Strongly disagree,Strongly disagree,Strongly disagree,Strongly disagree,Agree,Agree,Agree,Not at all,Slightly,Very much,Somewhat disagree,Disagree,Somewhat disagree,Somewhat disagree,Somewhat disagree,Somewhat disagree,Disagree,Somewhat worse than average,Somewhat better than average,Somewhat better than average,Somewhat better than average,Average,About the same,About the same,About the same,About the same,Slightly worse than them,Very familiar,Very familiar,Familiar,Never heard of it,Never heard of it,Never heard of it,Slightly familiar,Never heard of it,Never heard of it,Never heard of it,Never heard of it,Very familiar,Nunu,There are no stairs since it's a one story house,2,"Nowhere, since it's an electric train ",(b) the yolk of the egg is white,Yes,Helping Paws Animal Wellness,2.0,,,Information gathering,,Personal advice,,,,Therapy,Friendship/companionship,,P0887,,,,,
True,REDACTED,Neither agree nor disagree,Disagree,Agree,Agree,Agree,Disagree,Agree,Neither agree nor disagree,Strongly agree,Agree,Strongly agree,Strongly agree,Strongly agree,Strongly agree,Disagree,Disagree,Disagree,Moderately,Quite a bit,Slightly,Somewhat agree,Somewhat agree,Somewhat agree,Neither agree nor disagree,Agree,Somewhat agree,Agree,Slightly better than average,Slightly better than average,Slightly better than average,Slightly worse than average,Slightly better than average,Slightly better than them,About the same,Slightly better than them,About the same,Slightly better than them,Very familiar,Familiar,Very familiar,Never heard of it,Familiar,Familiar,Never heard of it,Never heard of it,Never heard of it,Never heard of it,Never heard of it,Very familiar,Mary,There are no stairs,,There is no smoke,the yolk of the egg is white,Yes,Young & Bright Education Fund,1.5,"Writing assistance (e.g., emails, documents)",,Information gathering,Brainstorming,,Homework or studying,,Creative projects,,,,P0315,,,,,
True,REDACTED,Strongly agree,Somewhat agree,Strongly agree,Strongly agree,Strongly agree,Neither agree nor disagree,Strongly agree,Somewhat agree,Neither disagree nor agree,Neither disagree nor agree,Neither disagree nor agree,Neither disagree nor agree,Neither disagree nor agree,Neither disagree nor agree,Neither disagree nor agree,Neither disagree nor agree,Neither disagree nor agree,Very much,Moderately,Slightly,Somewhat agree,Somewhat agree,Somewhat agree,Somewhat agree,Strongly disagree,Strongly disagree,Strongly disagree,Average,Somewhat better than average,Somewhat better than average,Somewhat better than average,Somewhat better than average,Slightly better than them,Somewhat better than them,Somewhat better than them,Somewhat better than them,Much better than them,Very familiar,Very familiar,Very familiar,Never heard of it,Somewhat familiar,Very familiar,Somewhat familiar,Never heard of it,Never heard of it,Never heard of it,Never heard of it,Very familiar,Mary,Pink,2,West,b,No,,,,,Information gathering,,,,Work tasks,Creative projects,,,,P0764,,,,,
True,REDACTED,Somewhat agree,Somewhat disagree,Agree,Agree,Agree,Somewhat disagree,Agree,Somewhat agree,Agree,Agree,Agree,Agree,Agree,Agree,Disagree,Strongly disagree,Disagree,Quite a bit,Extremely,Slightly,Agree,Somewhat agree,Somewhat agree,Neither agree nor disagree,Somewhat agree,Neither agree nor disagree,Agree,Somewhat better than average,Somewhat better than average,Slightly better than average,Somewhat better than average,Slightly better than average,Somewhat better than them,Slightly better than them,Slightly better than them,Somewhat better than them,Slightly better than them,Familiar,Very familiar,Never heard of it,Never heard of it,Never heard of it,Never heard of it,Never heard of it,Never heard of it,Never heard of it,Never heard of it,Never heard of it,Familiar,Mary,"There are no stairs, it is a one-store house. ",2,West,the yolk of the egg is white,No,,,"Writing assistance (e.g., emails, documents)",,,Brainstorming,,,Work tasks,,,,,P1330,,,,,
True,REDACTED,Somewhat agree,Agree,Somewhat agree,Somewhat agree,Disagree,Neither agree nor disagree,Agree,Agree,Agree,Agree,Agree,Agree,Strongly agree,Strongly agree,Agree,Strongly agree,Agree,Somewhat,Moderately,Somewhat,Somewhat agree,Strongly agree,Agree,Somewhat agree,Somewhat agree,Somewhat disagree,Somewhat disagree,Average,Slightly better than average,Somewhat better than average,Somewhat better than average,Much better than average,Slightly better than them,Somewhat better than them,Slightly better than them,Slightly better than them,Somewhat better than them,Slightly familiar,Never heard of it,Never heard of it,Never heard of it,Never heard of it,Never heard of it,Never heard of it,Never heard of it,Never heard of it,Never heard of it,Never heard of it,Never heard of it,Mary,pink,2,south ,b),No,,,"Writing assistance (e.g., emails, documents)",,Information gathering,,,,Work tasks,,Therapy,,,P0229,,,,,
True,REDACTED,Strongly agree,Somewhat agree,Strongly agree,Strongly agree,Strongly agree,Strongly disagree,Somewhat agree,Somewhat agree,Strongly disagree,Strongly disagree,Strongly disagree,Strongly disagree,Strongly disagree,Strongly disagree,Strongly disagree,Strongly agree,Strongly agree,Slightly,Not at all,Extremely,Strongly disagree,Somewhat disagree,Strongly disagree,Strongly disagree,Strongly agree,Neither agree nor disagree,Strongly agree,Much better than average,Much better than average,Much better than average,Much better than average,Much better than average,Much better than them,Much better than them,Much better than them,Much better than them,Much better than them,Very familiar,Very familiar,Very familiar,Slightly familiar,Very familiar,Slightly familiar,Slightly familiar,Slightly familiar,Never heard of it,Never heard of it,Very familiar,Very familiar,nunu,pink,2,west,b,No,,,"Writing assistance (e.g., emails, documents)",,Information gathering,Brainstorming,,Homework or studying,Work tasks,Creative projects,Therapy,,,P0680,,,,,
True,REDACTED,Agree,Somewhat disagree,Agree,Somewhat agree,Agree,Somewhat disagree,Agree,Neither agree nor disagree,Neither disagree nor agree,Agree,Neither disagree nor agree,Agree,Agree,Agree,Disagree,Strongly disagree,Disagree,Somewhat,Not at all,Not at all,Somewhat agree,Somewhat agree,Somewhat agree,Neither agree nor disagree,Agree,Agree,Agree,Somewhat better than average,Average,Average,Slightly worse than average,Somewhat better than average,About the same,About the same,About the same,Slightly worse than them,Slightly better than them,Very familiar,Familiar,Very familiar,Never heard of it,Very familiar,Familiar,Never heard of it,Never heard of it,Never heard of it,Never heard of it,Never heard of it,Very familiar,Nunu,"There shouldn't be any stairs, unless they're decorative.",The stories say two.,This makes no sense. Ana electric train should not have any smoke from the locomotive.,b,Yes,Young & Bright Education Fund,1.0,,,,Brainstorming,,,,,,,,P0911,,,,,
True,REDACTED,Strongly agree,Somewhat agree,Strongly agree,Somewhat agree,Agree,Disagree,Strongly agree,Neither agree nor disagree,Agree,Neither disagree nor agree,Agree,Agree,Agree,Strongly agree,Strongly disagree,Strongly disagree,Strongly disagree,Moderately,Extremely,Somewhat,Strongly agree,Agree,Strongly agree,Agree,Neither agree nor disagree,Somewhat agree,Agree,Slightly better than average,Slightly better than average,Much better than average,Much better than average,Somewhat better than average,About the same,About the same,Slightly better than them,Slightly better than them,Slightly better than them,Somewhat familiar,Familiar,Familiar,Never heard of it,Slightly familiar,Slightly familiar,Slightly familiar,Never heard of it,Slightly familiar,Never heard of it,Never heard of it,Very familiar,NANA,PINK,2,EAST,B,Yes,Helping Paws Animal Wellness,1.75,"Writing assistance (e.g., emails, documents)",,Information gathering,,,,,Creative projects,,,,P0127,,,,,
True,REDACTED,Agree,Somewhat disagree,Somewhat agree,Neither agree nor disagree,Somewhat agree,Somewhat disagree,Agree,Disagree,Agree,Agree,Agree,Agree,Agree,Agree,Strongly disagree,Strongly disagree,Strongly disagree,Somewhat,Quite a bit,Quite a bit,Agree,Agree,Agree,Agree,Agree,Somewhat agree,Agree,Slightly better than average,Somewhat better than average,Average,Average,Somewhat better than average,About the same,About the same,Slightly worse than them,About the same,About the same,Familiar,Familiar,Familiar,Never heard of it,Never heard of it,Never heard of it,Never heard of it,Never heard of it,Never heard of it,Never heard of it,Never heard of it,Somewhat familiar,Nony,pink,9,west,b,No,,,"Writing assistance (e.g., emails, documents)",,Information gathering,,Personal advice,,,Creative projects,,,,P1301,,,,,
True,REDACTED,Agree,Agree,Strongly agree,Agree,Somewhat agree,Agree,Strongly agree,Agree,Agree,Agree,Agree,Agree,Agree,Agree,Disagree,Disagree,Disagree,Very much,Very much,Very much,Agree,Agree,Agree,Agree,Agree,Agree,Agree,Somewhat better than average,Somewhat better than average,Somewhat better than average,Somewhat better than average,Somewhat better than average,Somewhat better than them,Somewhat better than them,Somewhat better than them,Somewhat better than them,Somewhat better than them,Very familiar,Familiar,Familiar,Somewhat familiar,Familiar,Familiar,Somewhat familiar,Familiar,Somewhat familiar,Somewhat familiar,Somewhat familiar,Familiar,Nunu,pink,2,west,b,Yes,GreenReef Conservation Initiative,1.1,,,Information gathering,,,,Work tasks,Creative projects,Therapy,,,P1247,,,,,
True,REDACTED,Somewhat agree,Somewhat agree,Agree,Strongly agree,Agree,Agree,Somewhat agree,Agree,Agree,Agree,Agree,Agree,Agree,Agree,Disagree,Disagree,Strongly disagree,Moderately,Very much,Not at all,Somewhat agree,Somewhat disagree,Somewhat agree,Somewhat agree,Strongly agree,Strongly agree,Strongly agree,Slightly better than average,Average,Average,Average,Slightly better than average,Slightly better than them,About the same,About the same,About the same,About the same,Familiar,Familiar,Familiar,Slightly familiar,Familiar,Familiar,Slightly familiar,Never heard of it,Slightly familiar,Never heard of it,Somewhat familiar,Familiar,Nunu,pink,12,west,b,No,,,,,Information gathering,,,,,,,,,P0590,,,,,
True,REDACTED,Agree,Neither agree nor disagree,Agree,Neither agree nor disagree,Somewhat agree,Disagree,Somewhat agree,Somewhat disagree,Disagree,Neither disagree nor agree,Neither disagree nor agree,Agree,Neither disagree nor agree,Neither disagree nor agree,Neither disagree nor agree,Disagree,Agree,Very much,Moderately,Not at all,Agree,Somewhat disagree,Somewhat agree,Neither agree nor disagree,Neither agree nor disagree,Neither agree nor disagree,Agree,Much better than average,Slightly worse than average,Much better than average,Somewhat better than average,Slightly better than average,Somewhat better than them,Slightly worse than them,Much better than them,Slightly better than them,About the same,Familiar,Familiar,Very familiar,Never heard of it,Slightly familiar,Never heard of it,Never heard of it,Never heard of it,Never heard of it,Never heard of it,Never heard of it,Very familiar,Mary,they don't exist in a one story house so no color,2,west,b,Yes,Helping Paws Animal Wellness,1.0,,,Information gathering,Brainstorming,,Homework or studying,,,,,,P0505,,,,,
True,REDACTED,Somewhat agree,Agree,Strongly agree,Somewhat agree,Strongly agree,Somewhat agree,Agree,Strongly agree,Agree,Agree,Neither disagree nor agree,Agree,Agree,Neither disagree nor agree,Agree,Agree,Strongly agree,Quite a bit,Extremely,Moderately,Agree,Somewhat agree,Agree,Somewhat agree,Disagree,Somewhat disagree,Disagree,Slightly better than average,Somewhat better than average,Slightly better than average,Somewhat better than average,Slightly better than average,Somewhat better than them,Slightly better than them,Much better than them,Much better than them,Somewhat better than them,Slightly familiar,Somewhat familiar,Very familiar,Somewhat familiar,Very familiar,Slightly familiar,Slightly familiar,Familiar,Familiar,Slightly familiar,Somewhat familiar,Somewhat familiar,Mary,There are no stairs.,,electric trains do not produce smoke.,Neither is correct,No,,,"Writing assistance (e.g., emails, documents)",,,,Personal advice,,,,,,,P1082,,,,,
True,REDACTED,Strongly agree,Strongly disagree,Strongly agree,Strongly disagree,Strongly agree,Strongly disagree,Strongly agree,Strongly disagree,Strongly agree,Strongly agree,Strongly agree,Strongly agree,Strongly agree,Strongly agree,Strongly disagree,Strongly disagree,Strongly disagree,Extremely,Extremely,Extremely,Strongly agree,Strongly agree,Strongly agree,Strongly agree,Strongly disagree,Strongly disagree,Strongly disagree,Much better than average,Much better than average,Much better than average,Much better than average,Much better than average,Much better than them,Much better than them,Much better than them,Much better than them,Much better than them,Very familiar,Very familiar,Very familiar,Never heard of it,Never heard of it,Very familiar,Never heard of it,Never heard of it,Never heard of it,Never heard of it,Never heard of it,Very familiar,Nina,pink,2,west,b,No,,,"Writing assistance (e.g., emails, documents)",Coding,Information gathering,Brainstorming,Personal advice,Homework or studying,Work tasks,Creative projects,Therapy,Friendship/companionship,,P0233,,,,,
True,REDACTED,Agree,Neither agree nor disagree,Somewhat agree,Agree,Agree,Neither agree nor disagree,Agree,Agree,Agree,Strongly agree,Strongly agree,Agree,Strongly agree,Strongly agree,Strongly disagree,Strongly disagree,Strongly disagree,Very much,Quite a bit,Moderately,Agree,Somewhat agree,Agree,Somewhat agree,Somewhat agree,Agree,Agree,Slightly better than average,Somewhat better than average,Somewhat better than average,Somewhat better than average,Somewhat better than average,Slightly better than them,Slightly better than them,Somewhat better than them,Somewhat better than them,Slightly better than them,Familiar,Familiar,Familiar,Never heard of it,Never heard of it,Somewhat familiar,Never heard of it,Never heard of it,Never heard of it,Never heard of it,Never heard of it,Very familiar,Mary,no stairs,2,west,b,No,,,"Writing assistance (e.g., emails, documents)",Coding,Information gathering,Brainstorming,,,,Creative projects,,,,P0464,,,,,
True,REDACTED,Agree,Somewhat disagree,Neither agree nor disagree,Somewhat disagree,Agree,Somewhat agree,Agree,Somewhat disagree,Disagree,Agree,Agree,Agree,Agree,Neither disagree nor agree,Disagree,Disagree,Disagree,Very much,Very much,Slightly,Agree,Somewhat agree,Agree,Neither agree nor disagree,Agree,Neither agree nor disagree,Agree,Slightly better than average,Average,Average,Average,Average,About the same,About the same,About the same,About the same,About the same,Very familiar,Familiar,Very familiar,Never heard of it,Never heard of it,Familiar,Never heard of it,Never heard of it,Never heard of it,Never heard of it,Never heard of it,Very familiar,Mary,pink,2,west,b,Yes,Helping Paws Animal Wellness,2.0,"Writing assistance (e.g., emails, documents)",,Information gathering,,,,,Creative projects,,,,P0118,,,,,
True,REDACTED,Agree,Somewhat disagree,Somewhat agree,Agree,Agree,Disagree,Strongly agree,Disagree,Agree,Disagree,Agree,Agree,Agree,Agree,Disagree,Disagree,Disagree,Very much,Extremely,Somewhat,Agree,Somewhat disagree,Agree,Agree,Somewhat agree,Somewhat disagree,Somewhat agree,Somewhat better than average,Somewhat better than average,Somewhat better than average,Somewhat better than average,Somewhat better than average,Somewhat better than them,Somewhat better than them,Somewhat better than them,Somewhat better than them,Somewhat better than them,Familiar,Never heard of it,Familiar,Slightly familiar,Never heard of it,Slightly familiar,Slightly familiar,Never heard of it,Somewhat familiar,Never heard of it,Never heard of it,Never heard of it,Mary,pink,0,west,b,Yes,Young & Bright Education Fund,1.0,"Writing assistance (e.g., emails, documents)",Coding,Information gathering,Brainstorming,,Homework or studying,,Creative projects,,,,P1232,,,,,
True,REDACTED,Strongly agree,Somewhat agree,Somewhat disagree,Agree,Somewhat agree,Somewhat disagree,Somewhat agree,Somewhat agree,Agree,Agree,Neither disagree nor agree,Strongly agree,Strongly agree,Strongly agree,Strongly disagree,Strongly disagree,Strongly disagree,Moderately,Quite a bit,Moderately,Agree,Somewhat agree,Agree,Somewhat agree,Somewhat agree,Somewhat agree,Strongly agree,Much better than average,Somewhat better than average,Somewhat better than average,Much better than average,Much better than average,Somewhat better than them,Somewhat better than them,Somewhat better than them,Much better than them,Somewhat better than them,Familiar,Very familiar,Familiar,Slightly familiar,Familiar,Very familiar,Never heard of it,Never heard of it,Slightly familiar,Never heard of it,Never heard of it,Very familiar,Nunu,There were no stairs.  It is a one story house,two,There is no smoke.  The train is electric,b,Yes,Young & Bright Education Fund,1.0,"Writing assistance (e.g., emails, documents)",,Information gathering,Brainstorming,,,Work tasks,,,,,P1229,,,,,
True,REDACTED,Neither agree nor disagree,Somewhat disagree,Somewhat agree,Disagree,Agree,Strongly agree,Agree,Disagree,Strongly disagree,Strongly disagree,Strongly disagree,Strongly disagree,Strongly disagree,Strongly disagree,Agree,Agree,Agree,Not at all,Not at all,Not at all,Somewhat agree,Somewhat disagree,Agree,Somewhat disagree,Disagree,Disagree,Somewhat disagree,Much better than average,Slightly better than average,Much better than average,Somewhat better than average,Somewhat worse than average,Somewhat better than them,Somewhat worse than them,Somewhat better than them,Somewhat worse than them,About the same,Very familiar,Very familiar,Very familiar,Slightly familiar,Very familiar,Somewhat familiar,Never heard of it,Never heard of it,Never heard of it,Never heard of it,Never heard of it,Very familiar,Mary,Pink,Zero,West,B,No,,,,,Information gathering,,,,Work tasks,,,,,P0644,,,,,
True,REDACTED,Strongly agree,Somewhat disagree,Somewhat agree,Somewhat agree,Somewhat disagree,Strongly disagree,Agree,Disagree,Agree,Neither disagree nor agree,Agree,Agree,Agree,Agree,Disagree,Disagree,Disagree,Very much,Moderately,Quite a bit,Somewhat agree,Neither agree nor disagree,Somewhat agree,Neither agree nor disagree,Neither agree nor disagree,Disagree,Agree,Slightly better than average,Somewhat better than average,Slightly better than average,Somewhat better than average,Average,Slightly better than them,Somewhat better than them,Somewhat better than them,About the same,Slightly better than them,Never heard of it,Very familiar,Very familiar,Slightly familiar,Familiar,Never heard of it,Slightly familiar,Never heard of it,Slightly familiar,Never heard of it,Never heard of it,Very familiar,Mary,Pink,Moses did not put animals on the ark,West,the yolk of the egg is white,Yes,GreenReef Conservation Initiative,1.21,"Writing assistance (e.g., emails, documents)",Coding,Information gathering,Brainstorming,Personal advice,Homework or studying,,Creative projects,,Friendship/companionship,,P1237,,,,,
True,REDACTED,Somewhat agree,Neither agree nor disagree,Somewhat agree,Neither agree nor disagree,Neither agree nor disagree,Neither agree nor disagree,Neither agree nor disagree,Neither agree nor disagree,Disagree,Strongly disagree,Disagree,Disagree,Disagree,Neither disagree nor agree,Neither disagree nor agree,Neither disagree nor agree,Disagree,Somewhat,Moderately,Not at all,Somewhat disagree,Disagree,Somewhat disagree,Disagree,Neither agree nor disagree,Somewhat disagree,Neither agree nor disagree,Somewhat better than average,Average,Slightly worse than average,Slightly worse than average,Average,Somewhat better than them,About the same,Slightly worse than them,About the same,Slightly worse than them,Very familiar,Very familiar,Very familiar,Never heard of it,Very familiar,Very familiar,Slightly familiar,Never heard of it,Never heard of it,Never heard of it,Never heard of it,Very familiar,Mary,Pink,100,West,"B, the yolk of the egg is white ",No,,,,,Information gathering,,,Homework or studying,Work tasks,,Therapy,Friendship/companionship,,P0517,,,,,
True,REDACTED,Agree,Somewhat disagree,Strongly agree,Agree,Strongly agree,Disagree,Agree,Neither agree nor disagree,Agree,Strongly agree,Strongly agree,Agree,Agree,Agree,Strongly disagree,Strongly disagree,Strongly disagree,Moderately,Very much,Somewhat,Agree,Somewhat agree,Strongly agree,Agree,Agree,Somewhat agree,Strongly agree,Somewhat better than average,Slightly better than average,Somewhat better than average,Slightly better than average,Somewhat better than average,Slightly better than them,About the same,Somewhat better than them,About the same,Slightly better than them,Very familiar,Very familiar,Very familiar,Slightly familiar,Very familiar,Familiar,Never heard of it,Never heard of it,Slightly familiar,Never heard of it,Never heard of it,Very familiar,Mary,"There probably aren't any stairs because it's a ""one-storey"" house.",Moses didn't put any animals on the ark; that was Noah.,It wouldn't blow in any direction because an electric train doesn't produce smoke.,"neither is correct because egg yolks are yellow, not white.",Yes,Helping Paws Animal Wellness,1.0,"Writing assistance (e.g., emails, documents)",,Information gathering,Brainstorming,,,Work tasks,,,,,P1037,,,,,
True,REDACTED,Strongly agree,Disagree,Agree,Somewhat agree,Agree,Disagree,Strongly agree,Strongly disagree,Agree,Strongly agree,Agree,Agree,Strongly agree,Agree,Strongly disagree,Strongly disagree,Strongly disagree,Quite a bit,Extremely,Moderately,Agree,Strongly agree,Agree,Strongly agree,Disagree,Disagree,Agree,Somewhat better than average,Much better than average,Much better than average,Somewhat better than average,Much better than average,Somewhat better than them,Somewhat better than them,Somewhat better than them,Much better than them,Much better than them,Very familiar,Very familiar,Very familiar,Somewhat familiar,Familiar,Somewhat familiar,Familiar,Familiar,Somewhat familiar,Slightly familiar,Somewhat familiar,Very familiar,Mary,pink,2,west,the yolk of the egg is white,No,,,"Writing assistance (e.g., emails, documents)",,Information gathering,Brainstorming,,Homework or studying,Work tasks,,,,,P1123,,,,,
True,REDACTED,Disagree,Somewhat disagree,Agree,Somewhat disagree,Neither agree nor disagree,Somewhat disagree,Agree,Disagree,Agree,Strongly agree,Agree,Agree,Strongly agree,Agree,Disagree,Disagree,Disagree,Very much,Quite a bit,Quite a bit,Agree,Somewhat agree,Somewhat agree,Somewhat agree,Agree,Somewhat agree,Neither agree nor disagree,Much better than average,Somewhat better than average,Somewhat better than average,Somewhat better than average,Slightly better than average,Somewhat better than them,Slightly better than them,Slightly better than them,Somewhat better than them,Slightly better than them,Familiar,Somewhat familiar,Very familiar,Somewhat familiar,Familiar,Somewhat familiar,Somewhat familiar,Somewhat familiar,Somewhat familiar,Familiar,Slightly familiar,Somewhat familiar,Mary,No stairs,,No smoke ,the yolk of the egg is white’?,No,,,"Writing assistance (e.g., emails, documents)",,,Brainstorming,Personal advice,,,Creative projects,Therapy,Friendship/companionship,,P0671,,,,,
True,REDACTED,Agree,Neither agree nor disagree,Somewhat agree,Somewhat agree,Agree,Disagree,Agree,Disagree,Agree,Strongly agree,Strongly agree,Strongly agree,Strongly agree,Strongly agree,Strongly disagree,Strongly disagree,Strongly disagree,Slightly,Extremely,Moderately,Somewhat agree,Neither agree nor disagree,Neither agree nor disagree,Somewhat agree,Somewhat disagree,Somewhat disagree,Somewhat disagree,Much better than average,Much better than average,Much better than average,Much better than average,Somewhat better than average,About the same,About the same,About the same,About the same,About the same,Very familiar,Very familiar,Very familiar,Never heard of it,Somewhat familiar,Somewhat familiar,Never heard of it,Never heard of it,Never heard of it,Never heard of it,Never heard of it,Very familiar,Mary.,"No stairs, one storey house.",Moses did not go on the ark.,West.,Neither.  Yolk is yellow.,No,,,,,,,Personal advice,Homework or studying,,,,,,P0782,,,,,
True,REDACTED,Strongly agree,Neither agree nor disagree,Strongly agree,Strongly agree,Strongly agree,Neither agree nor disagree,Strongly agree,Neither agree nor disagree,Disagree,Agree,Agree,Agree,Neither disagree nor agree,Neither disagree nor agree,Strongly disagree,Strongly disagree,Strongly disagree,Extremely,Not at all,Slightly,Disagree,Disagree,Disagree,Disagree,Somewhat agree,Somewhat agree,Somewhat agree,Somewhat better than average,Slightly better than average,Much better than average,Average,Much better than average,About the same,About the same,Slightly better than them,About the same,Slightly better than them,Very familiar,Very familiar,Very familiar,Never heard of it,Very familiar,Slightly familiar,Never heard of it,Never heard of it,Never heard of it,Never heard of it,Never heard of it,Very familiar,Mary,there are no stairs,0....noah built the ark,there is no smoke,neither since the yolk is yellow....b if grammatically correct,No,,,"Writing assistance (e.g., emails, documents)",,Information gathering,,,,,,,,,P0296,,,,,
True,REDACTED,Neither agree nor disagree,Somewhat disagree,Agree,Agree,Agree,Disagree,Agree,Disagree,Disagree,Agree,Agree,Agree,Agree,Agree,Disagree,Disagree,Disagree,Not at all,Quite a bit,Somewhat,Somewhat disagree,Somewhat agree,Somewhat agree,Somewhat disagree,Neither agree nor disagree,Somewhat disagree,Neither agree nor disagree,Average,Slightly better than average,Somewhat better than average,Average,Slightly worse than average,About the same,Slightly better than them,Somewhat better than them,About the same,Slightly worse than them,Familiar,Slightly familiar,Familiar,Never heard of it,Familiar,Familiar,Never heard of it,Never heard of it,Slightly familiar,Never heard of it,Never heard of it,Familiar,Nunu,pink,2,west,b,No,,,,,Information gathering,,Personal advice,,Work tasks,Creative projects,Therapy,,,P0445,,,,,
True,REDACTED,Strongly agree,Disagree,Agree,Agree,Neither agree nor disagree,Disagree,Somewhat agree,Somewhat disagree,Strongly agree,Strongly agree,Strongly agree,Agree,Agree,Strongly agree,Strongly disagree,Strongly disagree,Strongly disagree,Moderately,Very much,Not at all,Agree,Agree,Strongly agree,Strongly agree,Agree,Agree,Agree,Somewhat better than average,Average,Somewhat better than average,Slightly better than average,Average,Somewhat better than them,About the same,Slightly worse than them,Slightly worse than them,About the same,Familiar,Familiar,Slightly familiar,Never heard of it,Never heard of it,Slightly familiar,Never heard of it,Never heard of it,Never heard of it,Never heard of it,Never heard of it,Very familiar,Mary,"There are no stairs, it's a one story house",Noah put the animals on the ark not Moses,"There is no smoke, it's an electric train","Neither, egg yolk are yellow",No,,,,Coding,,Brainstorming,,,,,,,,P0102,,,,,
True,REDACTED,Strongly agree,Disagree,Strongly agree,Neither agree nor disagree,Strongly agree,Strongly disagree,Strongly agree,Strongly disagree,Strongly agree,Strongly agree,Strongly agree,Strongly agree,Strongly agree,Strongly agree,Strongly disagree,Strongly disagree,Strongly disagree,Moderately,Moderately,Moderately,Somewhat agree,Somewhat agree,Agree,Somewhat agree,Agree,Neither agree nor disagree,Strongly agree,Much better than average,Much better than average,Much better than average,Much better than average,Much better than average,Much better than them,Much better than them,Much better than them,Much better than them,Much better than them,Never heard of it,Familiar,Somewhat familiar,Never heard of it,Somewhat familiar,Never heard of it,Never heard of it,Never heard of it,Slightly familiar,Never heard of it,Never heard of it,Very familiar,Mary,there is no stair in a one storey house,none,electric trains don't emit smoke,the yolk of the egg is white,Yes,Young & Bright Education Fund,1.0,"Writing assistance (e.g., emails, documents)",,,Brainstorming,Personal advice,,Work tasks,Creative projects,,,,P1279,,,,,
True,REDACTED,Agree,Disagree,Agree,Disagree,Agree,Agree,Agree,Disagree,Disagree,Disagree,Disagree,Neither disagree nor agree,Neither disagree nor agree,Agree,Disagree,Disagree,Disagree,Somewhat,Somewhat,Not at all,Somewhat disagree,Somewhat disagree,Somewhat disagree,Somewhat disagree,Agree,Agree,Agree,Slightly better than average,Slightly better than average,Slightly better than average,Slightly better than average,Slightly better than average,Slightly better than them,Slightly better than them,Slightly better than them,Slightly better than them,Slightly better than them,Familiar,Never heard of it,Familiar,Never heard of it,Familiar,Familiar,Never heard of it,Never heard of it,Familiar,Never heard of it,Never heard of it,Familiar,nunu,pink,2,north,a,No,,,,,,Brainstorming,,,,,,,,P0569,,,,,
True,REDACTED,Agree,Disagree,Agree,Somewhat agree,Agree,Disagree,Agree,Neither agree nor disagree,Disagree,Agree,Agree,Agree,Agree,Agree,Disagree,Disagree,Disagree,Not at all,Moderately,Slightly,Somewhat disagree,Somewhat disagree,Agree,Somewhat agree,Somewhat disagree,Somewhat disagree,Somewhat disagree,Slightly better than average,Average,Slightly better than average,Average,Average,About the same,About the same,Somewhat better than them,Slightly better than them,About the same,Familiar,Slightly familiar,Familiar,Never heard of it,Familiar,Familiar,Never heard of it,Never heard of it,Slightly familiar,Never heard of it,Slightly familiar,Familiar,Nunu,pink,2,west,b,No,,,,,Information gathering,Brainstorming,,,Work tasks,Creative projects,,,,P0445,,,,,
True,REDACTED,Strongly agree,Somewhat disagree,Strongly agree,Agree,Strongly agree,Strongly disagree,Agree,Somewhat disagree,Strongly disagree,Strongly disagree,Disagree,Disagree,Disagree,Disagree,Agree,Agree,Agree,Not at all,Very much,Not at all,Strongly agree,Strongly agree,Strongly agree,Strongly agree,Agree,Disagree,Somewhat agree,Somewhat better than average,Slightly better than average,Somewhat better than average,Slightly better than average,Somewhat better than average,Somewhat better than them,Slightly better than them,Somewhat better than them,Slightly better than them,Somewhat better than them,Very familiar,Very familiar,Somewhat familiar,Never heard of it,Very familiar,Somewhat familiar,Never heard of it,Never heard of it,Never heard of it,Never heard of it,Slightly familiar,Very familiar,Mary,pink,one,west,b,No,,,,,,,,,,,,,I have not used AI chatbots before,P0012,,,,,
True,REDACTED,Somewhat agree,Somewhat agree,Somewhat agree,Agree,Disagree,Somewhat disagree,Agree,Neither agree nor disagree,Neither disagree nor agree,Agree,Agree,Agree,Agree,Agree,Disagree,Disagree,Disagree,Very much,Very much,Moderately,Agree,Somewhat agree,Agree,Somewhat agree,Somewhat disagree,Somewhat agree,Neither agree nor disagree,Slightly better than average,Somewhat better than average,Slightly better than average,Somewhat better than average,Average,Slightly better than them,Somewhat better than them,Slightly better than them,Somewhat better than them,Slightly better than them,Familiar,Very familiar,Very familiar,Somewhat familiar,Very familiar,Somewhat familiar,Familiar,Familiar,Familiar,Somewhat familiar,Familiar,Somewhat familiar,mary,not any color,none,no direction,the yolk of the egg is white,Yes,Helping Paws Animal Wellness,1.5,,,Information gathering,,,,Work tasks,Creative projects,,,,P0345,,,,,
True,REDACTED,Strongly agree,Neither agree nor disagree,Strongly agree,Somewhat agree,Strongly agree,Somewhat disagree,Strongly agree,Disagree,Agree,Agree,Agree,Neither disagree nor agree,Neither disagree nor agree,Neither disagree nor agree,Disagree,Disagree,Disagree,Somewhat,Not at all,Very much,Disagree,Disagree,Disagree,Disagree,Somewhat agree,Agree,Agree,Average,Average,Average,Average,Average,Slightly better than them,About the same,About the same,Slightly better than them,About the same,Very familiar,Very familiar,Familiar,Never heard of it,Familiar,Somewhat familiar,Never heard of it,Never heard of it,Never heard of it,Never heard of it,Never heard of it,Very familiar,Mary,"None, it’s a one story",2,West,Neither,No,,,,,,,Personal advice,,,Creative projects,,,,P0121,,,,,
True,REDACTED,Strongly agree,Strongly disagree,Strongly agree,Somewhat disagree,Agree,Disagree,Strongly agree,Disagree,Strongly agree,Strongly agree,Strongly agree,Strongly agree,Strongly agree,Strongly agree,Strongly disagree,Disagree,Disagree,Quite a bit,Quite a bit,Very much,Strongly agree,Strongly agree,Strongly agree,Strongly agree,Somewhat agree,Somewhat disagree,Somewhat agree,Somewhat better than average,Somewhat better than average,Somewhat better than average,Somewhat better than average,Somewhat better than average,About the same,About the same,About the same,About the same,About the same,Very familiar,Familiar,Very familiar,Somewhat familiar,Somewhat familiar,Somewhat familiar,Familiar,Familiar,Slightly familiar,Slightly familiar,Familiar,Familiar,Mary,No stairs,Zero,No smoke,Both are wrong,No,,,"Writing assistance (e.g., emails, documents)",,Information gathering,Brainstorming,,,,,,,,P1013,,,,,
True,REDACTED,Somewhat agree,Somewhat disagree,Agree,Somewhat agree,Somewhat agree,Disagree,Agree,Neither agree nor disagree,Agree,Neither disagree nor agree,Agree,Agree,Neither disagree nor agree,Agree,Disagree,Disagree,Disagree,Moderately,Moderately,Slightly,Somewhat agree,Somewhat agree,Somewhat agree,Somewhat agree,Agree,Somewhat agree,Agree,Average,Slightly better than average,Somewhat better than average,Much better than average,Slightly better than average,About the same,About the same,Slightly better than them,Slightly better than them,About the same,Familiar,Very familiar,Familiar,Never heard of it,Familiar,Familiar,Never heard of it,Never heard of it,Slightly familiar,Never heard of it,Never heard of it,Very familiar,Nunu,pink,2,west,b,Yes,Helping Paws Animal Wellness,1.0,,,Information gathering,,,,,,,,,P1159,,,,,
True,REDACTED,Strongly agree,Somewhat disagree,Agree,Neither agree nor disagree,Neither agree nor disagree,Disagree,Strongly agree,Disagree,Strongly agree,Strongly agree,Strongly agree,Strongly agree,Strongly agree,Strongly agree,Strongly disagree,Strongly disagree,Strongly disagree,Very much,Very much,Very much,Strongly agree,Strongly agree,Strongly agree,Strongly agree,Neither agree nor disagree,Neither agree nor disagree,Neither agree nor disagree,Much better than average,Much better than average,Much better than average,Much better than average,Much better than average,About the same,About the same,About the same,About the same,About the same,Familiar,Familiar,Very familiar,Familiar,Familiar,Very familiar,Very familiar,Familiar,Slightly familiar,Familiar,Very familiar,Very familiar,Mary,no stairs,,there is no smoke,,No,,,"Writing assistance (e.g., emails, documents)",,,Brainstorming,,Homework or studying,Work tasks,,,,,P1042,,,,,
True,REDACTED,Agree,Neither agree nor disagree,Agree,Agree,Agree,Neither agree nor disagree,Agree,Neither agree nor disagree,Disagree,Disagree,Disagree,Disagree,Disagree,Disagree,Agree,Agree,Agree,Quite a bit,Somewhat,Somewhat,Neither agree nor disagree,Neither agree nor disagree,Neither agree nor disagree,Neither agree nor disagree,Agree,Agree,Agree,Slightly better than average,Average,Average,Average,Average,About the same,About the same,About the same,About the same,Slightly better than them,Familiar,Familiar,Familiar,Never heard of it,Familiar,Somewhat familiar,Never heard of it,Never heard of it,Never heard of it,Never heard of it,Never heard of it,Familiar,Mary,There is no stairs in a one story house.,"Zero. Noah is the one who put animals on the ark. Not a fair question, though, because not everyone is familiar with Christian stories.","The train is electric, so theoretically there would be no smoke, but I am not familiar enough with train engines to say for sure.","The yolk of the egg is white is the correct grammar, but yolks are usually yellow.",No,,,,,Information gathering,,Personal advice,,,,,,,P0967,,,,,
True,REDACTED,Strongly agree,Somewhat agree,Strongly agree,Agree,Agree,Somewhat agree,Strongly agree,Somewhat agree,Agree,Agree,Agree,Agree,Neither disagree nor agree,Agree,Disagree,Disagree,Disagree,Very much,Very much,Slightly,Somewhat agree,Somewhat disagree,Somewhat agree,Somewhat agree,Somewhat agree,Somewhat agree,Somewhat agree,Much better than average,Much better than average,Somewhat better than average,Slightly better than average,Somewhat better than average,Somewhat better than them,Somewhat better than them,Somewhat better than them,Slightly better than them,Somewhat better than them,Slightly familiar,Somewhat familiar,Somewhat familiar,Never heard of it,Never heard of it,Slightly familiar,Never heard of it,Never heard of it,Never heard of it,Never heard of it,Never heard of it,Very familiar,Nunu,"No stairs in a one-story house. Unless they were porch/basement stairs and if they were, likely pink.",2,west,b,No,,,"Writing assistance (e.g., emails, documents)",Coding,Information gathering,Brainstorming,,,Work tasks,Creative projects,,,,P1338,,,,,
True,REDACTED,Agree,Somewhat disagree,Agree,Somewhat agree,Agree,Somewhat disagree,Strongly agree,Somewhat disagree,Neither disagree nor agree,Neither disagree nor agree,Neither disagree nor agree,Neither disagree nor agree,Neither disagree nor agree,Disagree,Agree,Agree,Agree,Very much,Very much,Somewhat,Somewhat agree,Somewhat disagree,Agree,Somewhat disagree,Agree,Agree,Strongly agree,Somewhat better than average,Somewhat better than average,Much better than average,Somewhat better than average,Slightly better than average,About the same,About the same,About the same,About the same,About the same,Very familiar,Familiar,Familiar,Never heard of it,Never heard of it,Never heard of it,Never heard of it,Never heard of it,Never heard of it,Never heard of it,Never heard of it,Very familiar,Mary,Pink,two,west,b,No,,,"Writing assistance (e.g., emails, documents)",,Information gathering,,Personal advice,Homework or studying,,Creative projects,,Friendship/companionship,,P0314,,,,,
True,REDACTED,Agree,Agree,Somewhat disagree,Strongly agree,Strongly agree,Agree,Agree,Strongly agree,Neither disagree nor agree,Neither disagree nor agree,Agree,Agree,Agree,Neither disagree nor agree,Strongly disagree,Strongly disagree,Strongly disagree,Very much,Slightly,Not at all,Agree,Somewhat agree,Neither agree nor disagree,Agree,Strongly agree,Strongly agree,Strongly agree,Somewhat better than average,Slightly better than average,Much better than average,Somewhat better than average,Somewhat better than average,About the same,About the same,About the same,About the same,About the same,Very familiar,Very familiar,Very familiar,Never heard of it,Familiar,Familiar,Never heard of it,Never heard of it,Never heard of it,Never heard of it,Never heard of it,Very familiar,Mary,pink,2,west,b,No,,,,,Information gathering,Brainstorming,,,,,,,,P0032,,,,,
True,REDACTED,Strongly agree,Neither agree nor disagree,Strongly agree,Neither agree nor disagree,Agree,Somewhat disagree,Agree,Neither agree nor disagree,Neither disagree nor agree,Agree,Agree,Strongly agree,Strongly agree,Neither disagree nor agree,Strongly disagree,Strongly disagree,Strongly disagree,Extremely,Quite a bit,Not at all,Agree,Neither agree nor disagree,Agree,Somewhat agree,Neither agree nor disagree,Somewhat agree,Somewhat agree,Slightly better than average,Average,Average,Slightly worse than average,Average,About the same,About the same,About the same,Slightly worse than them,Slightly better than them,Familiar,Familiar,Familiar,Never heard of it,Never heard of it,Somewhat familiar,Never heard of it,Never heard of it,Never heard of it,Never heard of it,Never heard of it,Very familiar,Mary,"You spelled ""story"" wrong.  There are no stairs.",2,west,the yolk of the egg is white,No,,,,Coding,,,,,,,,,,P0507,,,,,
True,REDACTED,Strongly agree,Somewhat disagree,Agree,Somewhat agree,Somewhat agree,Somewhat disagree,Agree,Somewhat disagree,Disagree,Neither disagree nor agree,Neither disagree nor agree,Agree,Agree,Agree,Disagree,Disagree,Disagree,Very much,Moderately,Somewhat,Neither agree nor disagree,Somewhat agree,Somewhat agree,Somewhat agree,Agree,Somewhat agree,Agree,Somewhat better than average,Average,Somewhat better than average,Much better than average,Average,Slightly better than them,About the same,Somewhat better than them,About the same,Slightly better than them,Very familiar,Familiar,Very familiar,Never heard of it,Slightly familiar,Somewhat familiar,Never heard of it,Never heard of it,Never heard of it,Never heard of it,Never heard of it,Somewhat familiar,mary,its one story so no internal pink stairs ,two,it is electric so is there even any smoke?,b,Yes,GreenReef Conservation Initiative,1.0,,,Information gathering,,Personal advice,,,,,,,P0642,,,,,
True,REDACTED,Agree,Somewhat agree,Agree,Agree,Agree,Agree,Agree,Agree,Disagree,Disagree,Disagree,Disagree,Disagree,Disagree,Neither disagree nor agree,Agree,Agree,Moderately,Quite a bit,Not at all,Agree,Agree,Agree,Agree,Disagree,Disagree,Disagree,Slightly better than average,Slightly better than average,Slightly better than average,Slightly better than average,Slightly better than average,Slightly better than them,Slightly better than them,Slightly better than them,Slightly better than them,About the same,Familiar,Familiar,Familiar,Never heard of it,Familiar,Familiar,Never heard of it,Never heard of it,Never heard of it,Never heard of it,Never heard of it,Very familiar,Mary,pink,2,west,a,Yes,Helping Paws Animal Wellness,1.0,,,Information gathering,,,,,,,,,P0982,,,,,
True,REDACTED,Agree,Somewhat agree,Somewhat agree,Agree,Agree,Agree,Somewhat agree,Somewhat agree,Agree,Agree,Strongly agree,Strongly agree,Strongly agree,Agree,Strongly disagree,Disagree,Disagree,Quite a bit,Quite a bit,Moderately,Somewhat agree,Somewhat agree,Agree,Somewhat agree,Disagree,Disagree,Somewhat disagree,Somewhat better than average,Somewhat better than average,Slightly better than average,Somewhat better than average,Slightly better than average,Slightly better than them,Somewhat better than them,Slightly better than them,Somewhat better than them,Slightly better than them,Slightly familiar,Somewhat familiar,Very familiar,Somewhat familiar,Slightly familiar,Slightly familiar,Familiar,Never heard of it,Somewhat familiar,Somewhat familiar,Never heard of it,Somewhat familiar,Mary,There were no stairs.,"None. Moses did not have an ark. Noah did.
",There is no smoke.,b,No,,,"Writing assistance (e.g., emails, documents)",Coding,Information gathering,Brainstorming,Personal advice,Homework or studying,Work tasks,Creative projects,,,,P0953,,,,,
True,REDACTED,Strongly agree,Agree,Agree,Agree,Agree,Disagree,Agree,Agree,Agree,Strongly agree,Strongly agree,Agree,Agree,Agree,Strongly disagree,Strongly disagree,Strongly disagree,Slightly,Very much,Not at all,Strongly agree,Strongly agree,Strongly agree,Strongly agree,Agree,Agree,Agree,Somewhat better than average,Somewhat better than average,Somewhat better than average,Somewhat better than average,Average,Somewhat better than them,About the same,Somewhat better than them,About the same,About the same,Familiar,Familiar,Somewhat familiar,Never heard of it,Slightly familiar,Somewhat familiar,Never heard of it,Never heard of it,Never heard of it,Never heard of it,Never heard of it,Somewhat familiar,Mary,pink,2,west,b,Yes,Helping Paws Animal Wellness,1.5,"Writing assistance (e.g., emails, documents)",,,,,,,,,,,P0856,,,,,
True,REDACTED,Strongly agree,Neither agree nor disagree,Strongly agree,Strongly agree,Strongly agree,Neither agree nor disagree,Strongly agree,Neither agree nor disagree,Strongly disagree,Neither disagree nor agree,Disagree,Neither disagree nor agree,Neither disagree nor agree,Strongly disagree,Neither disagree nor agree,Neither disagree nor agree,Strongly agree,Moderately,Very much,Not at all,Strongly disagree,Strongly disagree,Strongly disagree,Strongly disagree,Neither agree nor disagree,Neither agree nor disagree,Somewhat agree,Average,Much better than average,Average,Much better than average,Much better than average,Slightly better than them,About the same,About the same,Somewhat better than them,Much better than them,Very familiar,Somewhat familiar,Familiar,Never heard of it,Familiar,Slightly familiar,Never heard of it,Never heard of it,Never heard of it,Never heard of it,Never heard of it,Very familiar,Mary,pink,2,west,the yolk of the egg is white,No,,,"Writing assistance (e.g., emails, documents)",,,Brainstorming,,,,Creative projects,,,,P0353,,,,,
True,REDACTED,Strongly agree,Somewhat disagree,Strongly agree,Agree,Strongly agree,Disagree,Strongly agree,Somewhat disagree,Agree,Strongly agree,Strongly agree,Strongly agree,Strongly agree,Strongly agree,Strongly disagree,Strongly disagree,Strongly disagree,Moderately,Somewhat,Moderately,Somewhat agree,Somewhat agree,Agree,Somewhat agree,Somewhat disagree,Somewhat disagree,Neither agree nor disagree,Somewhat better than average,Somewhat better than average,Somewhat better than average,Somewhat better than average,Somewhat better than average,Slightly better than them,Slightly better than them,Somewhat better than them,Slightly better than them,Somewhat better than them,Very familiar,Very familiar,Very familiar,Never heard of it,Very familiar,Never heard of it,Never heard of it,Never heard of it,Never heard of it,Never heard of it,Never heard of it,Very familiar,Mary,"Pink if they were going to the basement.  Otherwise, it's a one story, so no steps.",two,west,b,No,,,"Writing assistance (e.g., emails, documents)",,Information gathering,Brainstorming,Personal advice,,,,,,,P1167,,,,,
True,REDACTED,Strongly agree,Somewhat disagree,Strongly agree,Strongly agree,Strongly agree,Strongly disagree,Agree,Somewhat agree,Agree,Strongly agree,Agree,Agree,Agree,Agree,Strongly disagree,Strongly disagree,Strongly disagree,Extremely,Somewhat,Somewhat,Strongly agree,Agree,Strongly agree,Strongly agree,Strongly disagree,Strongly disagree,Strongly disagree,Slightly better than average,Slightly better than average,Average,Somewhat better than average,Average,About the same,About the same,Slightly better than them,About the same,About the same,Very familiar,Very familiar,Very familiar,Slightly familiar,Familiar,Slightly familiar,Slightly familiar,Never heard of it,Never heard of it,Never heard of it,Familiar,Very familiar,Nunu,there were no stairs because it was a one storey house,2 of each animal,west,B-the yolk of the egg is white,Yes,Helping Paws Animal Wellness,1.0,,,Information gathering,,Personal advice,,,,,,,P1001,,,,,
True,REDACTED,Somewhat agree,Neither agree nor disagree,Agree,Somewhat agree,Somewhat agree,Somewhat disagree,Somewhat agree,Neither agree nor disagree,Neither disagree nor agree,Disagree,Agree,Agree,Agree,Agree,Disagree,Agree,Disagree,Quite a bit,Very much,Moderately,Somewhat agree,Somewhat agree,Somewhat agree,Neither agree nor disagree,Somewhat agree,Somewhat agree,Agree,Slightly better than average,Slightly better than average,Somewhat better than average,Slightly better than average,Average,About the same,Slightly better than them,Somewhat better than them,Slightly better than them,About the same,Familiar,Familiar,Familiar,Slightly familiar,Familiar,Somewhat familiar,Never heard of it,Never heard of it,Never heard of it,Never heard of it,Slightly familiar,Familiar,Nunu,pink,0,north,The yolk of the egg is white,Yes,Helping Paws Animal Wellness,1.0,"Writing assistance (e.g., emails, documents)",,Information gathering,Brainstorming,Personal advice,Homework or studying,,Creative projects,,,,P0279,,,,,
True,REDACTED,Somewhat agree,Somewhat agree,Agree,Neither agree nor disagree,Agree,Somewhat agree,Somewhat agree,Somewhat agree,Agree,Strongly agree,Strongly agree,Strongly agree,Strongly agree,Strongly agree,Strongly disagree,Strongly disagree,Strongly disagree,Very much,Very much,Somewhat,Somewhat agree,Agree,Agree,Somewhat agree,Somewhat agree,Agree,Somewhat agree,Average,Average,Average,Average,Average,About the same,About the same,About the same,About the same,About the same,Very familiar,Very familiar,Very familiar,Never heard of it,Slightly familiar,Never heard of it,Never heard of it,Never heard of it,Never heard of it,Never heard of it,Slightly familiar,Very familiar,Mary,,1,Electric motor no smoke,b,No,,,"Writing assistance (e.g., emails, documents)",,Information gathering,Brainstorming,Personal advice,,,,,,,P1047,,,,,
True,REDACTED,Somewhat agree,Agree,Somewhat agree,Agree,Agree,Somewhat disagree,Strongly agree,Somewhat agree,Agree,Agree,Strongly agree,Neither disagree nor agree,Agree,Agree,Disagree,Neither disagree nor agree,Disagree,Somewhat,Moderately,Somewhat,Somewhat disagree,Somewhat agree,Somewhat agree,Disagree,Strongly disagree,Somewhat agree,Strongly agree,Slightly better than average,Somewhat better than average,Slightly better than average,Somewhat better than average,Somewhat better than average,Slightly worse than them,Somewhat better than them,Somewhat better than them,Much better than them,Much better than them,Very familiar,Very familiar,Familiar,Slightly familiar,Familiar,Never heard of it,Somewhat familiar,Never heard of it,Never heard of it,Never heard of it,Never heard of it,Very familiar,Nuno,pink,One animal of every species,west,The yolk of the egg is white,Yes,Helping Paws Animal Wellness,1.0,"Writing assistance (e.g., emails, documents)",,Information gathering,,,,Work tasks,,,,,P1101,,,,,
True,REDACTED,Strongly agree,Disagree,Agree,Somewhat disagree,Agree,Disagree,Strongly agree,Disagree,Agree,Agree,Agree,Agree,Agree,Agree,Disagree,Disagree,Disagree,Quite a bit,Very much,Very much,Agree,Agree,Somewhat agree,Somewhat agree,Somewhat disagree,Somewhat disagree,Somewhat agree,Somewhat better than average,Slightly better than average,Much better than average,Somewhat better than average,Somewhat better than average,Somewhat better than them,Slightly better than them,Much better than them,Somewhat better than them,Somewhat better than them,Familiar,Very familiar,Very familiar,Slightly familiar,Never heard of it,Never heard of it,Never heard of it,Never heard of it,Never heard of it,Never heard of it,Somewhat familiar,Very familiar,Mary,pink,0,west,b,No,,,"Writing assistance (e.g., emails, documents)",,,Brainstorming,Personal advice,Homework or studying,Work tasks,Creative projects,,Friendship/companionship,,P1280,,,,,
True,REDACTED,Agree,Disagree,Strongly agree,Somewhat agree,Agree,Somewhat disagree,Agree,Disagree,Disagree,Disagree,Disagree,Disagree,Disagree,Disagree,Agree,Agree,Agree,Not at all,Quite a bit,Slightly,Somewhat agree,Somewhat agree,Somewhat agree,Somewhat agree,Somewhat disagree,Somewhat disagree,Somewhat disagree,Average,Average,Somewhat worse than average,Somewhat better than average,Slightly better than average,About the same,About the same,Somewhat worse than them,Slightly better than them,About the same,Somewhat familiar,Slightly familiar,Familiar,Never heard of it,Somewhat familiar,Never heard of it,Never heard of it,Never heard of it,Never heard of it,Never heard of it,Never heard of it,Familiar,Mary,There are no stairs in a one story house.,2,west,"Neither they both say the yolk is white, but it is yellow, but grammatically it would be ""B""",No,,,"Writing assistance (e.g., emails, documents)",,Information gathering,,Personal advice,Homework or studying,,,,,,P0202,,,,,
True,REDACTED,Somewhat agree,Strongly disagree,Agree,Strongly agree,Strongly disagree,Strongly disagree,Neither agree nor disagree,Strongly disagree,Strongly disagree,Strongly disagree,Disagree,Strongly disagree,Strongly disagree,Strongly disagree,Strongly agree,Strongly agree,Strongly agree,Slightly,Extremely,Not at all,Somewhat agree,Agree,Somewhat agree,Agree,Somewhat agree,Agree,Strongly agree,Slightly better than average,Slightly better than average,Slightly worse than average,Somewhat better than average,Slightly better than average,About the same,About the same,Slightly worse than them,Somewhat better than them,Slightly worse than them,Familiar,Very familiar,Very familiar,Never heard of it,Slightly familiar,Never heard of it,Never heard of it,Never heard of it,Never heard of it,Never heard of it,Never heard of it,Very familiar,Mary,its one story!,22000,west,b,No,,,"Writing assistance (e.g., emails, documents)",,Information gathering,Brainstorming,,,Work tasks,,,,,P0291,,,,,
True,REDACTED,Strongly agree,Disagree,Somewhat disagree,Agree,Agree,Disagree,Agree,Somewhat agree,Disagree,Agree,Agree,Strongly agree,Agree,Agree,Strongly disagree,Strongly disagree,Strongly disagree,Moderately,Somewhat,Slightly,Agree,Somewhat agree,Somewhat agree,Somewhat agree,Agree,Agree,Strongly agree,Slightly better than average,Slightly worse than average,Average,Somewhat better than average,Average,Somewhat better than them,About the same,About the same,Somewhat better than them,About the same,Very familiar,Slightly familiar,Familiar,Never heard of it,Slightly familiar,Never heard of it,Never heard of it,Never heard of it,Never heard of it,Never heard of it,Never heard of it,Familiar,Mary,pink,It was Noah that had the ark so zero.,west,b,No,,,,,Information gathering,,Personal advice,,,,,,,P0777,,,,,
True,REDACTED,Strongly agree,Somewhat disagree,Somewhat disagree,Somewhat agree,Strongly agree,Neither agree nor disagree,Strongly agree,Somewhat disagree,Strongly disagree,Strongly disagree,Neither disagree nor agree,Strongly disagree,Strongly disagree,Strongly disagree,Agree,Agree,Neither disagree nor agree,Moderately,Moderately,Not at all,Somewhat disagree,Disagree,Disagree,Strongly disagree,Strongly agree,Strongly agree,Strongly agree,Average,Slightly worse than average,Average,Somewhat better than average,Somewhat worse than average,About the same,Slightly worse than them,Somewhat worse than them,Somewhat better than them,Somewhat worse than them,Very familiar,Very familiar,Very familiar,Never heard of it,Very familiar,Very familiar,Never heard of it,Never heard of it,Never heard of it,Never heard of it,Never heard of it,Very familiar,NUNU,pink--story is spelled wrong,none. NOah had the arc not moses he had the 10 commandments ,nowhere electric trains don't blow smoke.,b,Yes,Helping Paws Animal Wellness,2.0,"Writing assistance (e.g., emails, documents)",Coding,,Brainstorming,,Homework or studying,Work tasks,,,,,P1291,,,,,
True,REDACTED,Agree,Agree,Somewhat agree,Strongly agree,Strongly agree,Somewhat agree,Agree,Agree,Neither disagree nor agree,Agree,Agree,Agree,Agree,Agree,Strongly disagree,Strongly disagree,Strongly disagree,Moderately,Quite a bit,Quite a bit,Agree,Somewhat agree,Agree,Agree,Neither agree nor disagree,Somewhat agree,Agree,Slightly better than average,Somewhat better than average,Slightly better than average,Slightly better than average,Somewhat better than average,Slightly better than them,Slightly better than them,Slightly better than them,About the same,About the same,Familiar,Very familiar,Familiar,Never heard of it,Familiar,Familiar,Never heard of it,Never heard of it,Never heard of it,Never heard of it,Slightly familiar,Very familiar,Nunu,pink,2,west,b,Yes,Helping Paws Animal Wellness,1.0,,,Information gathering,,,,,,,,,P0779,,,,,
True,REDACTED,Agree,Neither agree nor disagree,Somewhat agree,Agree,Neither agree nor disagree,Disagree,Somewhat agree,Somewhat disagree,Disagree,Agree,Agree,Agree,Agree,Agree,Disagree,Disagree,Disagree,Quite a bit,Extremely,Moderately,Agree,Somewhat agree,Agree,Agree,Somewhat disagree,Somewhat agree,Somewhat agree,Slightly better than average,Somewhat better than average,Slightly better than average,Somewhat better than average,Somewhat better than average,Slightly better than them,Somewhat better than them,Slightly better than them,Somewhat better than them,About the same,Somewhat familiar,Familiar,Very familiar,Somewhat familiar,Familiar,Familiar,Somewhat familiar,Familiar,Very familiar,Somewhat familiar,Somewhat familiar,Very familiar,mary,not any color,none,no direction,the yolk of the egg is white,Yes,Young & Bright Education Fund,1.5,,,Information gathering,,,Homework or studying,Work tasks,,,,,P0345,,,,,
True,REDACTED,Somewhat agree,Neither agree nor disagree,Somewhat agree,Somewhat agree,Somewhat agree,Somewhat disagree,Somewhat agree,Neither agree nor disagree,Agree,Agree,Strongly agree,Agree,Agree,Agree,Strongly disagree,Strongly disagree,Strongly disagree,Slightly,Moderately,Slightly,Agree,Somewhat agree,Agree,Neither agree nor disagree,Somewhat agree,Neither agree nor disagree,Agree,Much better than average,Somewhat better than average,Much better than average,Much better than average,Much better than average,Somewhat better than them,Somewhat better than them,Much better than them,Somewhat better than them,Much better than them,Familiar,Familiar,Familiar,Never heard of it,Slightly familiar,Never heard of it,Somewhat familiar,Never heard of it,Never heard of it,Slightly familiar,Never heard of it,Familiar,Nunu,No stairs,2,West,B,Yes,GreenReef Conservation Initiative,1.0,,Coding,Information gathering,,,,Work tasks,,,,,P0773,,,,,
True,REDACTED,Somewhat agree,Neither agree nor disagree,Somewhat agree,Somewhat agree,Agree,Agree,Agree,Agree,Neither disagree nor agree,Agree,Agree,Neither disagree nor agree,Neither disagree nor agree,Neither disagree nor agree,Disagree,Disagree,Disagree,Very much,Quite a bit,Slightly,Agree,Agree,Agree,Agree,Agree,Somewhat agree,Agree,Somewhat better than average,Somewhat better than average,Somewhat better than average,Much better than average,Somewhat better than average,Slightly better than them,Slightly better than them,Slightly better than them,Somewhat better than them,Somewhat better than them,Familiar,Familiar,Familiar,Never heard of it,Never heard of it,Never heard of it,Somewhat familiar,Never heard of it,Never heard of it,Never heard of it,Slightly familiar,Familiar,Mary,no stairs.,None- it was Noah. ,West,Neither,No,,,"Writing assistance (e.g., emails, documents)",,Information gathering,Brainstorming,,,,,,,,P0398,,,,,
True,REDACTED,Agree,Neither agree nor disagree,Agree,Somewhat agree,Strongly agree,Somewhat disagree,Agree,Somewhat disagree,Neither disagree nor agree,Neither disagree nor agree,Neither disagree nor agree,Agree,Agree,Agree,Disagree,Disagree,Disagree,Moderately,Moderately,Somewhat,Somewhat agree,Somewhat agree,Agree,Neither agree nor disagree,Agree,Agree,Agree,Slightly worse than average,Slightly better than average,Slightly better than average,Slightly better than average,Average,About the same,Slightly better than them,Slightly better than them,About the same,About the same,Somewhat familiar,Familiar,Very familiar,Never heard of it,Familiar,Never heard of it,Never heard of it,Never heard of it,Never heard of it,Never heard of it,Never heard of it,Familiar,Mary,There were no stairs- one story!,one,west,b,No,,,,,,,Personal advice,,,,Therapy,,,P0126,,,,,
True,REDACTED,Agree,Somewhat disagree,Agree,Somewhat agree,Agree,Somewhat disagree,Agree,Neither agree nor disagree,Agree,Agree,Agree,Agree,Agree,Agree,Strongly disagree,Strongly disagree,Strongly disagree,Slightly,Somewhat,Slightly,Agree,Somewhat agree,Agree,Somewhat agree,Agree,Somewhat agree,Agree,Average,Average,Slightly worse than average,Average,Average,About the same,Slightly worse than them,Slightly worse than them,About the same,About the same,Familiar,Familiar,Familiar,Never heard of it,Familiar,Familiar,Never heard of it,Never heard of it,Never heard of it,Never heard of it,Never heard of it,Familiar,,pink,2,west,b,Yes,GreenReef Conservation Initiative,1.0,,,Information gathering,,,,,,,,,P1200,,,,,
True,REDACTED,Agree,Agree,Somewhat agree,Agree,Somewhat agree,Somewhat agree,Agree,Agree,Agree,Agree,Strongly agree,Agree,Agree,Agree,Strongly agree,Agree,Strongly agree,Quite a bit,Very much,Quite a bit,Somewhat agree,Strongly agree,Agree,Agree,Somewhat agree,Agree,Somewhat agree,Slightly better than average,Somewhat better than average,Slightly better than average,Somewhat better than average,Somewhat better than average,About the same,About the same,About the same,About the same,About the same,Very familiar,Familiar,Familiar,Familiar,Familiar,Familiar,Very familiar,Very familiar,Familiar,Very familiar,Familiar,Very familiar,nana,Pink,2,west,b,Yes,Young & Bright Education Fund,1.0,,,,,,,,Creative projects,,,,P1315,,,,,
True,REDACTED,Agree,Neither agree nor disagree,Somewhat agree,Somewhat agree,Agree,Strongly disagree,Agree,Somewhat agree,Agree,Agree,Agree,Agree,Agree,Agree,Strongly disagree,Strongly disagree,Strongly disagree,Very much,Very much,Moderately,Agree,Agree,Agree,Agree,Neither agree nor disagree,Neither agree nor disagree,Neither agree nor disagree,Average,Average,Average,Average,Average,Slightly better than them,Slightly better than them,Slightly better than them,Slightly better than them,Slightly better than them,Very familiar,Familiar,Very familiar,Slightly familiar,Slightly familiar,Somewhat familiar,Somewhat familiar,Never heard of it,Never heard of it,Never heard of it,Slightly familiar,Very familiar,Mary,no stairs,2,no smoke,b,No,,,"Writing assistance (e.g., emails, documents)",,Information gathering,Brainstorming,,,,,,,,P0548,,,,,
True,REDACTED,Disagree,Agree,Agree,Disagree,Agree,Disagree,Disagree,Disagree,Disagree,Disagree,Neither disagree nor agree,Agree,Neither disagree nor agree,Neither disagree nor agree,Disagree,Disagree,Disagree,Somewhat,Somewhat,Not at all,Somewhat disagree,Somewhat disagree,Somewhat disagree,Somewhat disagree,Somewhat agree,Somewhat agree,Somewhat agree,Slightly better than average,Slightly better than average,Slightly better than average,Slightly better than average,Slightly better than average,Slightly better than them,Slightly better than them,Slightly better than them,Slightly better than them,Slightly better than them,Somewhat familiar,Never heard of it,Somewhat familiar,Never heard of it,Somewhat familiar,Somewhat familiar,Never heard of it,Never heard of it,Never heard of it,Never heard of it,Never heard of it,Somewhat familiar,nunu,pink,2 of each,north,a,No,,,,,Information gathering,Brainstorming,,,,,,,,P0569,,,,,
True,REDACTED,Somewhat agree,Agree,Somewhat agree,Agree,Agree,Neither agree nor disagree,Somewhat agree,Agree,Agree,Agree,Agree,Agree,Agree,Agree,Strongly disagree,Agree,Strongly disagree,Quite a bit,Quite a bit,Moderately,Agree,Agree,Agree,Somewhat agree,Somewhat agree,Somewhat agree,Neither agree nor disagree,Average,Average,Slightly better than average,Average,Average,Somewhat better than them,Slightly better than them,Slightly better than them,Slightly better than them,Somewhat better than them,Very familiar,Somewhat familiar,Very familiar,Never heard of it,Familiar,Never heard of it,Never heard of it,Never heard of it,Never heard of it,Never heard of it,Never heard of it,Very familiar,Mary,pink,2,west,b,No,,,"Writing assistance (e.g., emails, documents)",,,Brainstorming,Personal advice,,,,,,,P0491,,,,,
True,REDACTED,Somewhat agree,Somewhat agree,Somewhat agree,Somewhat agree,Agree,Somewhat disagree,Somewhat agree,Neither agree nor disagree,Agree,Agree,Neither disagree nor agree,Agree,Agree,Agree,Disagree,Disagree,Disagree,Quite a bit,Very much,Moderately,Somewhat agree,Somewhat agree,Agree,Somewhat agree,Neither agree nor disagree,Somewhat agree,Somewhat agree,Somewhat better than average,Much better than average,Much better than average,Much better than average,Somewhat better than average,About the same,About the same,About the same,About the same,About the same,Familiar,Somewhat familiar,Very familiar,Never heard of it,Very familiar,Somewhat familiar,Never heard of it,Never heard of it,Never heard of it,Never heard of it,Never heard of it,Very familiar,Mary,No stairs  - one storey,None - Noah did,None its electric,NEITHER the yolk of the egg is yellow,No,,,,,Information gathering,,,,,,,,,P0008,,,,,
True,REDACTED,Neither agree nor disagree,Somewhat disagree,Somewhat agree,Agree,Somewhat agree,Neither agree nor disagree,Somewhat agree,Somewhat agree,Agree,Agree,Agree,Strongly agree,Agree,Agree,Strongly disagree,Strongly disagree,Strongly disagree,Slightly,Moderately,Somewhat,Strongly agree,Agree,Strongly agree,Agree,Neither agree nor disagree,Somewhat agree,Somewhat agree,Somewhat better than average,Slightly better than average,Average,Average,Somewhat better than average,Slightly better than them,Slightly better than them,About the same,About the same,Somewhat better than them,Very familiar,Very familiar,Very familiar,Never heard of it,Familiar,Familiar,Never heard of it,Never heard of it,Somewhat familiar,Slightly familiar,Slightly familiar,Very familiar,Mary,There were no stairs because it was a one-storey house.,"Moses didn't build the ark, Noah did.",There is no smoke because it is an electric train.,"The yolk isn't white, it is yellow.",Yes,Young & Bright Education Fund,1.0,"Writing assistance (e.g., emails, documents)",,Information gathering,Brainstorming,Personal advice,,Work tasks,Creative projects,,,,P0354,,,,,
True,REDACTED,Agree,Neither agree nor disagree,Strongly agree,Agree,Strongly disagree,Strongly disagree,Somewhat agree,Somewhat disagree,Agree,Neither disagree nor agree,Neither disagree nor agree,Strongly agree,Neither disagree nor agree,Neither disagree nor agree,Agree,Disagree,Disagree,Quite a bit,Very much,Moderately,Agree,Somewhat agree,Somewhat agree,Agree,Somewhat disagree,Neither agree nor disagree,Somewhat agree,Somewhat better than average,Much better than average,Much better than average,Much better than average,Much better than average,Slightly better than them,Much better than them,Somewhat better than them,Somewhat better than them,Somewhat better than them,Very familiar,Very familiar,Very familiar,Never heard of it,Somewhat familiar,Familiar,Slightly familiar,Slightly familiar,Slightly familiar,Slightly familiar,Never heard of it,Very familiar,Nunu,There is no stairs because it a one storey bouse,It was Noah not Moses who put animals on the ark. So zero,There is no smoke.,b,Yes,Young & Bright Education Fund,1.0,,Coding,,Brainstorming,,,Work tasks,,,,,P1086,,,,,
True,REDACTED,Agree,Somewhat agree,Somewhat agree,Agree,Somewhat agree,Agree,Somewhat agree,Neither agree nor disagree,Agree,Disagree,Agree,Neither disagree nor agree,Disagree,Neither disagree nor agree,Neither disagree nor agree,Disagree,Disagree,Somewhat,Somewhat,Not at all,Somewhat disagree,Somewhat disagree,Somewhat disagree,Somewhat disagree,Strongly agree,Agree,Strongly agree,Slightly better than average,Slightly better than average,Slightly better than average,Somewhat better than average,Slightly better than average,Somewhat better than them,Somewhat better than them,Slightly better than them,Much better than them,Somewhat better than them,Very familiar,Very familiar,Very familiar,Slightly familiar,Familiar,Familiar,Never heard of it,Never heard of it,Never heard of it,Never heard of it,Never heard of it,Very familiar,Mary,There were no stairs,2 of some and 7 of others,There is no smoke,the yolk of the egg is white,No,,,,Coding,,,,,,,,,,P0276,,,,,
True,REDACTED,Agree,Neither agree nor disagree,Agree,Somewhat agree,Somewhat agree,Somewhat disagree,Somewhat agree,Neither agree nor disagree,Agree,Agree,Agree,Agree,Agree,Agree,Disagree,Disagree,Disagree,Very much,Very much,Not at all,Agree,Agree,Agree,Somewhat agree,Somewhat agree,Neither agree nor disagree,Somewhat agree,Somewhat better than average,Somewhat better than average,Somewhat better than average,Slightly better than average,Somewhat better than average,About the same,About the same,Slightly better than them,About the same,Slightly better than them,Familiar,Familiar,Familiar,Never heard of it,Slightly familiar,Slightly familiar,Never heard of it,Never heard of it,Never heard of it,Never heard of it,Slightly familiar,Familiar,Nunu,pink,2,west,b,Yes,Young & Bright Education Fund,1.0,"Writing assistance (e.g., emails, documents)",,Information gathering,,,,,,,,,P0335,,,,,
True,REDACTED,Agree,Somewhat agree,Agree,Strongly agree,Strongly agree,Neither agree nor disagree,Agree,Agree,Disagree,Disagree,Disagree,Strongly disagree,Strongly disagree,Strongly disagree,Strongly agree,Strongly agree,Strongly agree,Slightly,Slightly,Not at all,Somewhat agree,Somewhat disagree,Strongly agree,Neither agree nor disagree,Agree,Agree,Agree,Somewhat better than average,Somewhat better than average,Somewhat better than average,Somewhat better than average,Somewhat better than average,Somewhat better than them,Somewhat better than them,Somewhat better than them,Much better than them,Somewhat better than them,Very familiar,Very familiar,Very familiar,Never heard of it,Very familiar,Very familiar,Somewhat familiar,Never heard of it,Never heard of it,Never heard of it,Never heard of it,Very familiar,Mary,pink,2,west,"Neither, the yolk of an egg is yellow/orange",No,,,,,,,,,Work tasks,,,,,P0066,,,,,
True,REDACTED,Strongly agree,Disagree,Strongly agree,Somewhat agree,Strongly agree,Somewhat disagree,Strongly agree,Disagree,Disagree,Neither disagree nor agree,Disagree,Disagree,Disagree,Disagree,Disagree,Disagree,Disagree,Moderately,Not at all,Very much,Somewhat agree,Somewhat agree,Somewhat agree,Neither agree nor disagree,Strongly agree,Strongly agree,Strongly agree,Slightly better than average,Average,Slightly better than average,Slightly worse than average,Average,About the same,Slightly worse than them,Slightly better than them,Slightly worse than them,About the same,Familiar,Familiar,Familiar,Never heard of it,Never heard of it,Familiar,Never heard of it,Never heard of it,Never heard of it,Never heard of it,Never heard of it,Familiar,Mary,one- story house has no stairs unless they were to the basement in which case they could be painted pink ,two,west,b,No,,,,,Information gathering,,,Homework or studying,,,,,,P0588,,,,,
True,REDACTED,Agree,Neither agree nor disagree,Agree,Somewhat agree,Agree,Neither agree nor disagree,Agree,Somewhat agree,Agree,Neither disagree nor agree,Agree,Agree,Agree,Agree,Strongly disagree,Strongly disagree,Strongly disagree,Somewhat,Moderately,Not at all,Somewhat agree,Neither agree nor disagree,Somewhat agree,Neither agree nor disagree,Somewhat agree,Somewhat agree,Agree,Average,Average,Slightly better than average,Slightly worse than average,Average,About the same,About the same,About the same,Slightly worse than them,About the same,Familiar,Familiar,Familiar,Never heard of it,Slightly familiar,Familiar,Never heard of it,Never heard of it,Never heard of it,Never heard of it,Never heard of it,Familiar,Mary,There aren't any stairs in a one-storey house.,None. Moses didn't build the ark.,west,Neither. Yokes of eggs are yellow or orange.,No,,,"Writing assistance (e.g., emails, documents)",,,,,,,,,,,P0414,,,,,
True,REDACTED,Agree,Somewhat agree,Somewhat disagree,Agree,Somewhat agree,Somewhat disagree,Agree,Neither agree nor disagree,Agree,Agree,Agree,Agree,Agree,Agree,Strongly disagree,Strongly disagree,Strongly disagree,Very much,Somewhat,Not at all,Agree,Somewhat agree,Somewhat agree,Agree,Agree,Agree,Agree,Average,Average,Slightly worse than average,Average,Average,About the same,About the same,Slightly worse than them,About the same,About the same,Familiar,Very familiar,Familiar,Never heard of it,Never heard of it,Never heard of it,Never heard of it,Never heard of it,Never heard of it,Never heard of it,Never heard of it,Familiar,Mary,pink,2,west,(b) the yolk of the egg is white,No,,,"Writing assistance (e.g., emails, documents)",,,,,,Work tasks,,,,,P0069,,,,,
True,REDACTED,Strongly agree,Disagree,Strongly agree,Somewhat agree,Strongly agree,Strongly disagree,Strongly agree,Neither agree nor disagree,Strongly disagree,Strongly disagree,Strongly disagree,Disagree,Neither disagree nor agree,Disagree,Agree,Agree,Agree,Moderately,Slightly,Extremely,Strongly agree,Somewhat disagree,Agree,Somewhat agree,Neither agree nor disagree,Strongly disagree,Strongly agree,Much better than average,Somewhat better than average,Much better than average,Much better than average,Somewhat better than average,Much better than them,Much better than them,Much better than them,Much better than them,Much better than them,Familiar,Very familiar,Very familiar,Never heard of it,Familiar,Never heard of it,Never heard of it,Never heard of it,Never heard of it,Never heard of it,Very familiar,Very familiar,Mary,no stairs one storey house,2,No smoke an electric vehicle,B,No,,,"Writing assistance (e.g., emails, documents)",Coding,Information gathering,Brainstorming,Personal advice,Homework or studying,,Creative projects,Therapy,Friendship/companionship,,P0554,,,,,
True,REDACTED,Somewhat agree,Somewhat disagree,Agree,Somewhat agree,Neither agree nor disagree,Disagree,Agree,Neither agree nor disagree,Disagree,Neither disagree nor agree,Neither disagree nor agree,Agree,Agree,Agree,Disagree,Disagree,Disagree,Very much,Somewhat,Extremely,Somewhat agree,Neither agree nor disagree,Neither agree nor disagree,Somewhat agree,Somewhat agree,Agree,Agree,Average,Slightly better than average,Slightly better than average,Somewhat better than average,Average,Slightly worse than them,About the same,Slightly better than them,Somewhat better than them,About the same,Somewhat familiar,Familiar,Familiar,Never heard of it,Slightly familiar,Never heard of it,Never heard of it,Never heard of it,Never heard of it,Never heard of it,Never heard of it,Familiar,Nunu,pink,2,west,b,No,,,"Writing assistance (e.g., emails, documents)",,Information gathering,Brainstorming,Personal advice,,Work tasks,Creative projects,,,,P0452,,,,,
True,REDACTED,Strongly agree,Neither agree nor disagree,Agree,Agree,Agree,Somewhat disagree,Somewhat agree,Somewhat agree,Agree,Strongly agree,Agree,Strongly agree,Strongly agree,Strongly agree,Strongly disagree,Strongly disagree,Strongly disagree,Somewhat,Very much,Somewhat,Agree,Somewhat agree,Agree,Somewhat agree,Agree,Agree,Agree,Somewhat better than average,Average,Somewhat better than average,Average,Somewhat better than average,About the same,About the same,Slightly better than them,Slightly worse than them,About the same,Very familiar,Familiar,Familiar,Never heard of it,Never heard of it,Never heard of it,Never heard of it,Never heard of it,Never heard of it,Never heard of it,Never heard of it,Familiar,Nunu,pink,2,west,(b) ‘the yolk of the egg is white’,No,,,"Writing assistance (e.g., emails, documents)",,Information gathering,Brainstorming,,Homework or studying,Work tasks,,,,,P0875,,,,,
True,REDACTED,Strongly agree,Somewhat agree,Strongly agree,Strongly agree,Strongly agree,Somewhat disagree,Strongly agree,Somewhat agree,Disagree,Disagree,Disagree,Disagree,Disagree,Disagree,Agree,Agree,Agree,Somewhat,Slightly,Not at all,Somewhat disagree,Somewhat disagree,Neither agree nor disagree,Disagree,Somewhat agree,Somewhat agree,Somewhat agree,Slightly better than average,Slightly better than average,Slightly better than average,Slightly better than average,Slightly better than average,Slightly better than them,Somewhat better than them,Slightly better than them,About the same,Slightly worse than them,Very familiar,Familiar,Familiar,Never heard of it,Never heard of it,Never heard of it,Never heard of it,Never heard of it,Never heard of it,Never heard of it,Somewhat familiar,Very familiar,Nunu,pink,2,no idea,b,No,,,,,Information gathering,,,,,,,,,P0641,,,,,
True,REDACTED,Somewhat agree,Somewhat disagree,Somewhat agree,Neither agree nor disagree,Somewhat agree,Neither agree nor disagree,Somewhat agree,Somewhat disagree,Agree,Agree,Agree,Strongly agree,Strongly agree,Agree,Strongly disagree,Strongly disagree,Strongly disagree,Very much,Very much,Moderately,Agree,Agree,Somewhat agree,Somewhat agree,Agree,Agree,Agree,Somewhat better than average,Average,Much better than average,Average,Slightly better than average,Slightly better than them,About the same,Somewhat better than them,About the same,Slightly better than them,Familiar,Very familiar,Very familiar,Never heard of it,Familiar,Never heard of it,Never heard of it,Never heard of it,Never heard of it,Never heard of it,Never heard of it,Very familiar,nunu,pink,two,west,b,No,,,"Writing assistance (e.g., emails, documents)",,,,,,Work tasks,,,,,P0403,,,,,
True,REDACTED,Strongly agree,Neither agree nor disagree,Agree,Somewhat agree,Agree,Somewhat disagree,Agree,Neither agree nor disagree,Disagree,Disagree,Neither disagree nor agree,Disagree,Disagree,Disagree,Agree,Neither disagree nor agree,Agree,Extremely,Very much,Somewhat,Agree,Somewhat agree,Agree,Somewhat agree,Somewhat agree,Somewhat agree,Agree,Average,Average,Average,Slightly better than average,Average,About the same,About the same,About the same,Slightly better than them,About the same,Somewhat familiar,Familiar,Familiar,Never heard of it,Slightly familiar,Somewhat familiar,Never heard of it,Never heard of it,Never heard of it,Never heard of it,Never heard of it,Somewhat familiar,Mary,no stairs,2,west,neither,No,,,,,Information gathering,Brainstorming,,,Work tasks,,,,,P0283,,,,,
True,REDACTED,Strongly agree,Disagree,Strongly agree,Somewhat agree,Agree,Disagree,Agree,Neither agree nor disagree,Agree,Agree,Agree,Agree,Agree,Agree,Strongly disagree,Disagree,Strongly disagree,Very much,Extremely,Slightly,Agree,Agree,Agree,Agree,Somewhat agree,Somewhat agree,Agree,Average,Average,Average,Slightly better than average,Average,About the same,About the same,About the same,Slightly better than them,About the same,Very familiar,Very familiar,Very familiar,Never heard of it,Very familiar,Very familiar,Never heard of it,Never heard of it,Never heard of it,Never heard of it,Slightly familiar,Very familiar,Nunu,pink,2,west,b,Yes,GreenReef Conservation Initiative,2.0,,,Information gathering,,,,,,,,,P0352,,,,,
True,REDACTED,Agree,Somewhat disagree,Agree,Agree,Agree,Somewhat disagree,Agree,Neither agree nor disagree,Disagree,Neither disagree nor agree,Neither disagree nor agree,Agree,Agree,Agree,Disagree,Disagree,Disagree,Not at all,Slightly,Moderately,Somewhat disagree,Somewhat disagree,Agree,Neither agree nor disagree,Somewhat disagree,Disagree,Agree,Slightly better than average,Somewhat better than average,Somewhat better than average,Somewhat better than average,Somewhat better than average,About the same,Somewhat better than them,Somewhat better than them,Somewhat better than them,Somewhat better than them,Somewhat familiar,Familiar,Very familiar,Never heard of it,Slightly familiar,Never heard of it,Slightly familiar,Never heard of it,Never heard of it,Never heard of it,Slightly familiar,Very familiar,Mary,pink,2,west,b,No,,,,,Information gathering,Brainstorming,Personal advice,Homework or studying,,,,,,P0987,,,,,
True,REDACTED,Somewhat agree,Somewhat agree,Somewhat disagree,Agree,Agree,Disagree,Neither agree nor disagree,Neither agree nor disagree,Neither disagree nor agree,Agree,Neither disagree nor agree,Agree,Agree,Agree,Disagree,Disagree,Disagree,Somewhat,Somewhat,Slightly,Agree,Somewhat agree,Somewhat agree,Somewhat agree,Somewhat agree,Agree,Agree,Slightly better than average,Average,Somewhat better than average,Somewhat better than average,Average,Somewhat better than them,About the same,Somewhat better than them,Somewhat better than them,About the same,Familiar,Somewhat familiar,Familiar,Never heard of it,Never heard of it,Slightly familiar,Never heard of it,Never heard of it,Never heard of it,Never heard of it,Slightly familiar,Very familiar,nunu,pink,2,west,b,No,,,"Writing assistance (e.g., emails, documents)",,,,,,,,,,,P0395,,,,,
True,REDACTED,Strongly agree,Neither agree nor disagree,Strongly agree,Agree,Agree,Disagree,Strongly agree,Neither agree nor disagree,Agree,Agree,Agree,Agree,Agree,Agree,Strongly disagree,Disagree,Disagree,Somewhat,Moderately,Not at all,Somewhat agree,Somewhat agree,Agree,Somewhat agree,Agree,Agree,Strongly agree,Slightly better than average,Slightly worse than average,Somewhat better than average,Slightly better than average,Average,About the same,Slightly worse than them,Slightly better than them,About the same,About the same,Familiar,Familiar,Familiar,Never heard of it,Slightly familiar,Never heard of it,Never heard of it,Never heard of it,Never heard of it,Never heard of it,Never heard of it,Very familiar,Mary,"There are not any stairs, it's a one storey pink house",2,west,b,No,,,"Writing assistance (e.g., emails, documents)",,Information gathering,,,,Work tasks,Creative projects,,Friendship/companionship,,P0397,,,,,
True,REDACTED,Neither agree nor disagree,Neither agree nor disagree,Agree,Strongly agree,Strongly agree,Somewhat agree,Agree,Neither agree nor disagree,Strongly disagree,Strongly disagree,Strongly disagree,Strongly disagree,Strongly disagree,Strongly disagree,Strongly agree,Strongly agree,Strongly agree,Somewhat,Somewhat,Not at all,Disagree,Strongly disagree,Neither agree nor disagree,Somewhat disagree,Somewhat agree,Agree,Agree,Slightly better than average,Average,Average,Much better than average,Slightly better than average,Somewhat better than them,Slightly better than them,About the same,Much better than them,Somewhat better than them,Very familiar,Very familiar,Very familiar,Never heard of it,Very familiar,Familiar,Never heard of it,Never heard of it,Never heard of it,Never heard of it,Never heard of it,Very familiar,Mary,pink,Moses was not involved with the ark.,An electric train does not put out smoke.,b,Yes,Helping Paws Animal Wellness,1.0,,,Information gathering,Brainstorming,,Homework or studying,,Creative projects,,,,P0125,,,,,
True,REDACTED,Strongly agree,Neither agree nor disagree,Strongly agree,Agree,Agree,Somewhat disagree,Somewhat agree,Neither agree nor disagree,Neither disagree nor agree,Neither disagree nor agree,Neither disagree nor agree,Agree,Agree,Agree,Disagree,Disagree,Disagree,Extremely,Very much,Slightly,Agree,Somewhat agree,Agree,Agree,Agree,Agree,Agree,Somewhat better than average,Slightly better than average,Slightly better than average,Somewhat better than average,Somewhat better than average,Slightly better than them,About the same,About the same,About the same,About the same,Familiar,Familiar,Very familiar,Never heard of it,Slightly familiar,Never heard of it,Never heard of it,Never heard of it,Never heard of it,Never heard of it,Never heard of it,Familiar,Mary,"there are no stairs, it's a one story house",2,"there is no smoke, it's an electric train",(b) 'the yolk of the egg is white',Yes,Helping Paws Animal Wellness,1.0,"Writing assistance (e.g., emails, documents)",,Information gathering,,,,,,,,,P0409,,,,,
True,REDACTED,Strongly agree,Neither agree nor disagree,Strongly agree,Strongly disagree,Neither agree nor disagree,Strongly disagree,Strongly agree,Neither agree nor disagree,Strongly agree,Strongly agree,Strongly agree,Strongly agree,Strongly agree,Strongly agree,Strongly disagree,Strongly disagree,Strongly disagree,Moderately,Extremely,Extremely,Strongly agree,Strongly agree,Strongly agree,Strongly agree,Agree,Agree,Agree,Much better than average,Much better than average,Much better than average,Much better than average,Much better than average,Somewhat better than them,Somewhat better than them,Somewhat better than them,Somewhat better than them,Somewhat better than them,Very familiar,Very familiar,Very familiar,Never heard of it,Very familiar,Very familiar,Never heard of it,Never heard of it,Never heard of it,Never heard of it,Never heard of it,Very familiar,Nunu,pink,2,west,b,No,,,,,Information gathering,,,,,,,,,P1117,,,,,
True,REDACTED,Strongly agree,Neither agree nor disagree,Strongly agree,Neither agree nor disagree,Strongly agree,Strongly disagree,Strongly agree,Neither agree nor disagree,Strongly agree,Strongly agree,Strongly agree,Strongly agree,Strongly agree,Strongly agree,Strongly disagree,Strongly disagree,Strongly disagree,Very much,Extremely,Extremely,Strongly agree,Strongly agree,Strongly agree,Strongly agree,Agree,Agree,Agree,Much better than average,Much better than average,Much better than average,Much better than average,Much better than average,Somewhat better than them,Somewhat better than them,Somewhat better than them,Somewhat better than them,Somewhat better than them,Very familiar,Very familiar,Very familiar,Never heard of it,Very familiar,Very familiar,Never heard of it,Never heard of it,Never heard of it,Never heard of it,Never heard of it,Very familiar,Nunu,pink,2,west,b,No,,,,,Information gathering,,,,,,,,,P1117,,,,,
True,REDACTED,Somewhat agree,Neither agree nor disagree,Agree,Agree,Somewhat agree,Somewhat disagree,Agree,Neither agree nor disagree,Agree,Agree,Agree,Agree,Agree,Agree,Strongly disagree,Strongly disagree,Strongly disagree,Very much,Moderately,Somewhat,Agree,Agree,Agree,Agree,Agree,Agree,Agree,Average,Slightly better than average,Somewhat better than average,Somewhat better than average,Slightly better than average,Slightly better than them,Somewhat better than them,Somewhat better than them,Somewhat better than them,Somewhat better than them,Somewhat familiar,Very familiar,Very familiar,Slightly familiar,Familiar,Slightly familiar,Never heard of it,Never heard of it,Never heard of it,Never heard of it,Never heard of it,Very familiar,MARY,NO STAIRS SINCE IT WAS 1 STORY,IT WAS NOAH,NO SMOKE. ITS ELECTRIC,THE YOLK IS YELLOW,Yes,GreenReef Conservation Initiative,1.0,"Writing assistance (e.g., emails, documents)",,Information gathering,Brainstorming,,,Work tasks,,,,,P0736,,,,,
True,REDACTED,Neither agree nor disagree,Somewhat agree,Neither agree nor disagree,Neither agree nor disagree,Neither agree nor disagree,Neither agree nor disagree,Somewhat agree,Neither agree nor disagree,Disagree,Neither disagree nor agree,Neither disagree nor agree,Neither disagree nor agree,Neither disagree nor agree,Neither disagree nor agree,Agree,Agree,Agree,Moderately,Somewhat,Not at all,Somewhat agree,Somewhat disagree,Neither agree nor disagree,Neither agree nor disagree,Neither agree nor disagree,Neither agree nor disagree,Neither agree nor disagree,Slightly better than average,Average,Somewhat better than average,Average,Average,Somewhat better than them,Slightly better than them,Somewhat better than them,Somewhat better than them,Somewhat better than them,Familiar,Familiar,Very familiar,Never heard of it,Familiar,Familiar,Never heard of it,Never heard of it,Never heard of it,Never heard of it,Never heard of it,Very familiar,Mary,"There are no stairs, it’s only one story ",Two,West,B,No,,,,Coding,,,,,,,,,,P0111,,,,,
True,REDACTED,Agree,Neither agree nor disagree,Agree,Agree,Somewhat agree,Disagree,Somewhat agree,Somewhat agree,Agree,Agree,Agree,Agree,Agree,Agree,Disagree,Disagree,Disagree,Moderately,Quite a bit,Slightly,Agree,Somewhat agree,Agree,Agree,Somewhat agree,Somewhat agree,Agree,Somewhat better than average,Somewhat better than average,Slightly better than average,Slightly better than average,Somewhat better than average,Somewhat better than them,Somewhat better than them,Slightly better than them,Somewhat better than them,Somewhat better than them,Very familiar,Very familiar,Familiar,Somewhat familiar,Familiar,Very familiar,Familiar,Never heard of it,Never heard of it,Very familiar,Never heard of it,Very familiar,nunu,pink,2,west,b,Yes,Helping Paws Animal Wellness,1.25,"Writing assistance (e.g., emails, documents)",,Information gathering,,,,,Creative projects,,,,P0622,,,,,
True,REDACTED,Agree,Neither agree nor disagree,Agree,Strongly agree,Strongly agree,Neither agree nor disagree,Strongly agree,Neither agree nor disagree,Disagree,Strongly disagree,Neither disagree nor agree,Strongly disagree,Strongly disagree,Strongly disagree,Neither disagree nor agree,Disagree,Disagree,Moderately,Moderately,Slightly,Neither agree nor disagree,Neither agree nor disagree,Agree,Somewhat agree,Neither agree nor disagree,Agree,Agree,Somewhat better than average,Somewhat better than average,Somewhat better than average,Much better than average,Somewhat better than average,About the same,About the same,About the same,Somewhat better than them,About the same,Very familiar,Familiar,Familiar,Never heard of it,Familiar,Never heard of it,Never heard of it,Never heard of it,Never heard of it,Never heard of it,Never heard of it,Very familiar,Mary,pink,2,east,b,No,,,"Writing assistance (e.g., emails, documents)",,Information gathering,Brainstorming,,,Work tasks,Creative projects,,,,P0135,,,,,
True,REDACTED,Strongly agree,Disagree,Strongly agree,Agree,Strongly agree,Strongly disagree,Strongly agree,Strongly disagree,Strongly agree,Strongly agree,Strongly agree,Strongly agree,Strongly agree,Strongly agree,Strongly disagree,Strongly disagree,Strongly disagree,Very much,Very much,Very much,Agree,Agree,Agree,Somewhat agree,Somewhat agree,Neither agree nor disagree,Somewhat agree,Somewhat better than average,Somewhat better than average,Somewhat better than average,Somewhat better than average,Somewhat better than average,About the same,About the same,About the same,About the same,About the same,Never heard of it,Very familiar,Very familiar,Never heard of it,Very familiar,Never heard of it,Never heard of it,Never heard of it,Never heard of it,Never heard of it,Never heard of it,Very familiar,Mary,There were no stairs,none,"No direction, electric trains do not produce smoke",The yolk of the egg is white,No,,,"Writing assistance (e.g., emails, documents)",,,Brainstorming,Personal advice,,Work tasks,Creative projects,,Friendship/companionship,I have not used AI chatbots before,P1267,,,,,
True,REDACTED,Strongly agree,Strongly disagree,Strongly agree,Somewhat disagree,Strongly agree,Strongly disagree,Strongly agree,Strongly disagree,Agree,Agree,Agree,Strongly agree,Strongly agree,Strongly agree,Strongly disagree,Strongly disagree,Strongly disagree,Very much,Extremely,Not at all,Agree,Agree,Strongly agree,Strongly agree,Strongly disagree,Strongly disagree,Strongly disagree,Much better than average,Somewhat better than average,Much better than average,Much better than average,Much better than average,Much better than them,Somewhat better than them,Much better than them,Somewhat better than them,Somewhat better than them,Familiar,Very familiar,Very familiar,Never heard of it,Very familiar,Familiar,Never heard of it,Never heard of it,Never heard of it,Never heard of it,Never heard of it,Very familiar,Mary,pink,Zero. Noah put animals in the ark,west,b,No,,,,,,Brainstorming,,,,Creative projects,,,,P0730,,,,,
True,REDACTED,Agree,Neither agree nor disagree,Strongly agree,Somewhat agree,Strongly agree,Somewhat disagree,Agree,Neither agree nor disagree,Agree,Agree,Agree,Agree,Agree,Agree,Strongly disagree,Strongly disagree,Strongly disagree,Moderately,Somewhat,Moderately,Strongly agree,Strongly agree,Strongly agree,Strongly agree,Neither agree nor disagree,Neither agree nor disagree,Neither agree nor disagree,Slightly better than average,Slightly better than average,Slightly better than average,Slightly better than average,Slightly better than average,About the same,About the same,About the same,About the same,About the same,Somewhat familiar,Slightly familiar,Familiar,Never heard of it,Very familiar,Slightly familiar,Never heard of it,Never heard of it,Never heard of it,Never heard of it,Never heard of it,Very familiar,Mary,pink,2,west,B,No,,,"Writing assistance (e.g., emails, documents)",,Information gathering,,Personal advice,Homework or studying,Work tasks,,,,,P0318,,,,,
True,REDACTED,Agree,Somewhat disagree,Agree,Somewhat disagree,Agree,Disagree,Agree,Somewhat disagree,Disagree,Disagree,Disagree,Disagree,Disagree,Disagree,Agree,Agree,Agree,Moderately,Not at all,Not at all,Somewhat agree,Agree,Agree,Agree,Neither agree nor disagree,Agree,Agree,Average,Average,Slightly better than average,Somewhat better than average,Average,About the same,About the same,Somewhat better than them,Slightly better than them,About the same,Familiar,Familiar,Familiar,Never heard of it,Familiar,Somewhat familiar,Never heard of it,Never heard of it,Never heard of it,Never heard of it,Never heard of it,Familiar,Mary,pink,2,west,b,No,,,,,Information gathering,,,,,,,,,P0360,,,,,
True,REDACTED,Strongly agree,Somewhat disagree,Strongly agree,Strongly agree,Agree,Disagree,Strongly agree,Neither agree nor disagree,Agree,Agree,Agree,Agree,Agree,Agree,Disagree,Disagree,Disagree,Extremely,Slightly,Not at all,Agree,Agree,Somewhat agree,Somewhat agree,Somewhat agree,Neither agree nor disagree,Somewhat agree,Slightly better than average,Average,Slightly better than average,Average,Average,Slightly better than them,About the same,Slightly better than them,About the same,About the same,Familiar,Very familiar,Familiar,Never heard of it,Somewhat familiar,Familiar,Never heard of it,Never heard of it,Never heard of it,Never heard of it,Never heard of it,Familiar,Mary,Its a one storey house,moses didn't put any animals on the ark that was Noah. ,West,B,No,,,"Writing assistance (e.g., emails, documents)",,,Brainstorming,,,,Creative projects,,,,P1332,,,,,
True,REDACTED,Somewhat agree,Agree,Somewhat agree,Agree,Somewhat agree,Somewhat disagree,Agree,Neither agree nor disagree,Strongly agree,Agree,Strongly agree,Strongly agree,Agree,Agree,Strongly disagree,Strongly disagree,Strongly disagree,Moderately,Quite a bit,Very much,Somewhat agree,Somewhat agree,Somewhat agree,Somewhat agree,Somewhat agree,Agree,Somewhat agree,Much better than average,Slightly better than average,Somewhat better than average,Slightly better than average,Slightly better than average,Somewhat better than them,About the same,Slightly better than them,About the same,About the same,Very familiar,Very familiar,Very familiar,Never heard of it,Never heard of it,Very familiar,Never heard of it,Never heard of it,Never heard of it,Never heard of it,Familiar,Very familiar,Nunu,pink,2,west,(b),No,,,"Writing assistance (e.g., emails, documents)",,Information gathering,Brainstorming,Personal advice,Homework or studying,Work tasks,,Therapy,,,P0217,,,,,
True,REDACTED,Agree,Neither agree nor disagree,Agree,Strongly agree,Strongly agree,Neither agree nor disagree,Somewhat agree,Neither agree nor disagree,Disagree,Strongly disagree,Neither disagree nor agree,Agree,Strongly agree,Strongly agree,Disagree,Disagree,Disagree,Quite a bit,Extremely,Not at all,Somewhat agree,Neither agree nor disagree,Somewhat agree,Somewhat agree,Strongly agree,Somewhat agree,Strongly agree,Somewhat better than average,Somewhat better than average,Much better than average,Much better than average,Slightly better than average,Much better than them,About the same,Somewhat better than them,About the same,About the same,Very familiar,Very familiar,Very familiar,Never heard of it,Very familiar,Very familiar,Never heard of it,Never heard of it,Never heard of it,Never heard of it,Never heard of it,Very familiar,Mary,There are no stairs in a one-story house.,"none. Moses led the Jews to the ""promised land"". Noah put animals on the ark",There is no smoke that comes from an electric train. Only coal and steam trains have locomotives with visible smoke coming from them,neither. The yolk of an egg is yellow.,No,,,,,,,,,Work tasks,,,,,P0303,,,,,
True,REDACTED,Agree,Somewhat disagree,Agree,Agree,Somewhat agree,Somewhat disagree,Somewhat agree,Neither agree nor disagree,Agree,Agree,Agree,Agree,Agree,Agree,Strongly disagree,Strongly disagree,Strongly disagree,Very much,Very much,Slightly,Agree,Agree,Agree,Agree,Somewhat agree,Agree,Somewhat agree,Somewhat better than average,Much better than average,Slightly better than average,Somewhat better than average,Somewhat better than average,Somewhat better than them,Much better than them,Slightly better than them,Somewhat better than them,Slightly better than them,Familiar,Familiar,Familiar,Never heard of it,Slightly familiar,Never heard of it,Slightly familiar,Never heard of it,Never heard of it,Never heard of it,Never heard of it,Familiar,Mary,no stairs in one story house,2,electric train doesn't produce smoke.,b,No,,,"Writing assistance (e.g., emails, documents)",,Information gathering,,,,,,,,,P0913,,,,,
True,REDACTED,Strongly agree,Strongly disagree,Strongly agree,Somewhat agree,Neither agree nor disagree,Strongly disagree,Strongly agree,Strongly disagree,Strongly agree,Strongly agree,Strongly agree,Strongly agree,Strongly agree,Strongly agree,Strongly disagree,Strongly disagree,Strongly disagree,Very much,Somewhat,Not at all,Agree,Agree,Agree,Agree,Strongly agree,Strongly agree,Strongly agree,Much better than average,Somewhat better than average,Somewhat better than average,Much better than average,Slightly better than average,Somewhat better than them,About the same,Somewhat better than them,Somewhat better than them,About the same,Very familiar,Very familiar,Very familiar,Never heard of it,Very familiar,Very familiar,Never heard of it,Never heard of it,Never heard of it,Never heard of it,Slightly familiar,Very familiar,nunu,there are no stairs,none the ark didn't exist,west,neither yolk is yellow,No,,,"Writing assistance (e.g., emails, documents)",,,,,,,,,,,P0292,,,,,
True,REDACTED,Agree,Somewhat disagree,Agree,Somewhat agree,Agree,Agree,Agree,Agree,Disagree,Agree,Neither disagree nor agree,Agree,Agree,Agree,Disagree,Disagree,Disagree,Quite a bit,Quite a bit,Slightly,Somewhat agree,Somewhat agree,Somewhat agree,Somewhat agree,Neither agree nor disagree,Neither agree nor disagree,Agree,Somewhat better than average,Somewhat better than average,Somewhat better than average,Somewhat better than average,Somewhat better than average,Somewhat better than them,About the same,Somewhat better than them,About the same,Somewhat better than them,Very familiar,Very familiar,Very familiar,Never heard of it,Familiar,Very familiar,Never heard of it,Never heard of it,Never heard of it,Never heard of it,Slightly familiar,Very familiar,Mary,The house probably doesn't have stairs,2,west,(b) the yolk of the egg is white,No,,,"Writing assistance (e.g., emails, documents)",,Information gathering,,,Homework or studying,Work tasks,,,,,P0422,,,,,
True,REDACTED,Agree,Somewhat disagree,Agree,Agree,Agree,Agree,Agree,Somewhat disagree,Agree,Agree,Agree,Agree,Agree,Agree,Strongly disagree,Strongly disagree,Strongly disagree,Somewhat,Very much,Somewhat,Agree,Somewhat agree,Agree,Somewhat agree,Agree,Agree,Agree,Somewhat better than average,Average,Somewhat better than average,Average,Somewhat better than average,About the same,Slightly worse than them,About the same,Slightly worse than them,About the same,Very familiar,Familiar,Somewhat familiar,Never heard of it,Never heard of it,Somewhat familiar,Never heard of it,Never heard of it,Never heard of it,Never heard of it,Never heard of it,Familiar,Nunu,pink,2,west,the yolk of the egg is white,No,,,"Writing assistance (e.g., emails, documents)",,Information gathering,Brainstorming,,Homework or studying,Work tasks,Creative projects,,,,P0875,,,,,
True,REDACTED,Agree,Somewhat disagree,Agree,Agree,Somewhat agree,Somewhat disagree,Agree,Somewhat disagree,Agree,Agree,Agree,Agree,Agree,Agree,Disagree,Disagree,Disagree,Somewhat,Moderately,Slightly,Agree,Agree,Agree,Agree,Agree,Agree,Agree,Slightly better than average,Slightly better than average,Somewhat better than average,Slightly better than average,Slightly better than average,Slightly worse than them,Slightly worse than them,About the same,About the same,About the same,Slightly familiar,Slightly familiar,Somewhat familiar,Never heard of it,Slightly familiar,Never heard of it,Never heard of it,Never heard of it,Never heard of it,Never heard of it,Never heard of it,Familiar,Mary,pink,2,West,b,Yes,Helping Paws Animal Wellness,2.0,"Writing assistance (e.g., emails, documents)",,Information gathering,Brainstorming,,,,,,,,P0643,,,,,
True,REDACTED,Strongly agree,Strongly disagree,Strongly agree,Strongly disagree,Strongly agree,Strongly disagree,Strongly agree,Strongly disagree,Strongly disagree,Strongly disagree,Strongly disagree,Strongly disagree,Strongly disagree,Neither disagree nor agree,Disagree,Disagree,Neither disagree nor agree,Very much,Very much,Not at all,Neither agree nor disagree,Disagree,Agree,Neither agree nor disagree,Agree,Agree,Agree,Average,Average,Average,Somewhat worse than average,Somewhat better than average,About the same,About the same,About the same,Somewhat worse than them,Somewhat better than them,Familiar,Familiar,Familiar,Never heard of it,Familiar,Familiar,Never heard of it,Never heard of it,Never heard of it,Never heard of it,Never heard of it,Very familiar,Mary,pink,2,none,b,Yes,Helping Paws Animal Wellness,2.0,,,,,,,,Creative projects,,,,P0020,,,,,
True,REDACTED,Strongly agree,Strongly disagree,Strongly agree,Strongly disagree,Strongly agree,Strongly disagree,Strongly agree,Strongly disagree,Strongly agree,Strongly agree,Strongly agree,Strongly agree,Strongly agree,Strongly agree,Strongly disagree,Strongly disagree,Strongly disagree,Somewhat,Somewhat,Not at all,Strongly agree,Neither agree nor disagree,Strongly agree,Strongly agree,Strongly agree,Strongly agree,Strongly agree,Somewhat better than average,Somewhat worse than average,Average,Somewhat worse than average,Somewhat better than average,Slightly better than them,Much worse than them,About the same,Much worse than them,Slightly worse than them,Familiar,Familiar,Familiar,Never heard of it,Never heard of it,Slightly familiar,Never heard of it,Never heard of it,Never heard of it,Never heard of it,Never heard of it,Familiar,mary,would not be stairs ,none it was noah,west,neither yolks are yellow,No,,,,,,,,,,,,,I have not used AI chatbots before,P0262,,,,,
True,REDACTED,Agree,Disagree,Agree,Disagree,Agree,Strongly disagree,Agree,Disagree,Disagree,Agree,Agree,Agree,Agree,Agree,Disagree,Disagree,Disagree,Moderately,Somewhat,Not at all,Agree,Agree,Agree,Agree,Disagree,Disagree,Somewhat agree,Much better than average,Somewhat better than average,Somewhat better than average,Much better than average,Somewhat better than average,Much better than them,Somewhat better than them,Somewhat better than them,Somewhat better than them,Somewhat better than them,Very familiar,Very familiar,Very familiar,Never heard of it,Slightly familiar,Very familiar,Never heard of it,Never heard of it,Slightly familiar,Never heard of it,Familiar,Very familiar,Nonu,pink,"Moses did not put any animals on the ark, Noah did.",the smoke blows west,the yolk of the egg is yellow,Yes,Helping Paws Animal Wellness,1.0,"Writing assistance (e.g., emails, documents)",,Information gathering,Brainstorming,,,,,,,,P0220,,,,,
True,REDACTED,Somewhat agree,Somewhat agree,Agree,Somewhat agree,Somewhat agree,Disagree,Neither agree nor disagree,Somewhat disagree,Agree,Disagree,Neither disagree nor agree,Disagree,Disagree,Disagree,Neither disagree nor agree,Neither disagree nor agree,Neither disagree nor agree,Quite a bit,Quite a bit,Somewhat,Somewhat agree,Somewhat disagree,Somewhat agree,Somewhat agree,Somewhat disagree,Somewhat agree,Somewhat agree,Somewhat better than average,Somewhat better than average,Somewhat better than average,Somewhat better than average,Slightly worse than average,Somewhat better than them,About the same,Slightly better than them,Slightly worse than them,Somewhat worse than them,Familiar,Familiar,Familiar,Never heard of it,Somewhat familiar,Somewhat familiar,Never heard of it,Never heard of it,Never heard of it,Never heard of it,Never heard of it,Familiar,Nunu,Pink,Moses didn't have an ark,West,(b) the yolk of the egg is white,Yes,GreenReef Conservation Initiative,1.5,,Coding,Information gathering,Brainstorming,Personal advice,Homework or studying,,,,,,P1319,,,,,
True,REDACTED,Agree,Neither agree nor disagree,Somewhat agree,Somewhat agree,Somewhat disagree,Neither agree nor disagree,Somewhat agree,Neither agree nor disagree,Agree,Agree,Neither disagree nor agree,Agree,Agree,Agree,Disagree,Disagree,Disagree,Very much,Quite a bit,Somewhat,Somewhat agree,Neither agree nor disagree,Somewhat agree,Somewhat agree,Somewhat agree,Somewhat agree,Somewhat agree,Average,Slightly better than average,Slightly better than average,Slightly better than average,Slightly better than average,About the same,Somewhat better than them,Slightly better than them,Somewhat better than them,Somewhat better than them,Familiar,Familiar,Familiar,Slightly familiar,Familiar,Never heard of it,Familiar,Never heard of it,Slightly familiar,Never heard of it,Slightly familiar,Familiar,Mary,One storey hpuse no stairs,2,No smoke,the yolk of the egg is white,Yes,Young & Bright Education Fund,1.0,,,Information gathering,,,,,,,,,P0574,,,,,
True,REDACTED,Strongly agree,Somewhat disagree,Strongly agree,Agree,Strongly agree,Neither agree nor disagree,Strongly agree,Neither agree nor disagree,Neither disagree nor agree,Agree,Agree,Agree,Agree,Agree,Disagree,Strongly disagree,Strongly disagree,Somewhat,Moderately,Not at all,Somewhat agree,Somewhat agree,Agree,Somewhat agree,Somewhat agree,Somewhat agree,Agree,Slightly better than average,Slightly better than average,Somewhat better than average,Somewhat better than average,Somewhat better than average,Somewhat better than them,Somewhat better than them,Somewhat better than them,Somewhat better than them,Somewhat better than them,Familiar,Very familiar,Familiar,Never heard of it,Never heard of it,Never heard of it,Never heard of it,Never heard of it,Never heard of it,Never heard of it,Never heard of it,Very familiar,Nunu,Pink,7,West,the yolk of the egg is white,No,,,"Writing assistance (e.g., emails, documents)",,,Brainstorming,,,Work tasks,Creative projects,,,,P0854,,,,,
True,REDACTED,Strongly agree,Neither agree nor disagree,Agree,Strongly agree,Strongly agree,Strongly disagree,Strongly agree,Neither agree nor disagree,Agree,Agree,Agree,Neither disagree nor agree,Neither disagree nor agree,Neither disagree nor agree,Disagree,Disagree,Disagree,Somewhat,Not at all,Very much,Somewhat disagree,Somewhat disagree,Neither agree nor disagree,Neither agree nor disagree,Agree,Agree,Agree,Average,Average,Average,Average,Average,Slightly better than them,About the same,About the same,About the same,About the same,Very familiar,Familiar,Familiar,Never heard of it,Familiar,Familiar,Never heard of it,Never heard of it,Never heard of it,Never heard of it,Never heard of it,Very familiar,Mary,None - it is a one story house.,2,I have no idea,Neither are correct,No,,,"Writing assistance (e.g., emails, documents)",,Information gathering,,Personal advice,,,Creative projects,,,,P0121,,,,,
True,REDACTED,Neither agree nor disagree,Neither agree nor disagree,Disagree,Agree,Agree,Somewhat agree,Agree,Agree,Neither disagree nor agree,Neither disagree nor agree,Agree,Neither disagree nor agree,Neither disagree nor agree,Disagree,Neither disagree nor agree,Disagree,Neither disagree nor agree,Slightly,Moderately,Moderately,Somewhat disagree,Somewhat disagree,Neither agree nor disagree,Somewhat agree,Agree,Neither agree nor disagree,Agree,Somewhat better than average,Slightly better than average,Somewhat better than average,Somewhat better than average,Somewhat better than average,Somewhat better than them,About the same,Somewhat better than them,Somewhat better than them,Slightly better than them,Very familiar,Very familiar,Familiar,Slightly familiar,Familiar,Familiar,Never heard of it,Never heard of it,Never heard of it,Never heard of it,Familiar,Very familiar,NuNu,There are no stairs. It is a 1-storey house.,2,West,b,No,,,"Writing assistance (e.g., emails, documents)",Coding,Information gathering,Brainstorming,,,,Creative projects,Therapy,,,P0705,,,,,
True,REDACTED,Strongly agree,Agree,Somewhat disagree,Disagree,Disagree,Agree,Strongly agree,Somewhat disagree,Strongly agree,Strongly agree,Agree,Agree,Agree,Strongly agree,Strongly disagree,Strongly disagree,Strongly disagree,Very much,Quite a bit,Very much,Strongly agree,Agree,Strongly agree,Strongly agree,Agree,Agree,Strongly agree,Somewhat better than average,Much better than average,Somewhat better than average,Much better than average,Somewhat better than average,Somewhat better than them,Much better than them,Much better than them,Somewhat better than them,Somewhat better than them,Very familiar,Very familiar,Very familiar,Never heard of it,Very familiar,Familiar,Never heard of it,Never heard of it,Never heard of it,Never heard of it,Never heard of it,Very familiar,mary,pink,2,nowhere,b,No,,,,,,Brainstorming,,,,,,,,P0256,,,,,
True,REDACTED,Neither agree nor disagree,Disagree,Agree,Somewhat agree,Somewhat agree,Somewhat disagree,Agree,Somewhat disagree,Agree,Agree,Agree,Agree,Agree,Agree,Neither disagree nor agree,Neither disagree nor agree,Disagree,Quite a bit,Moderately,Slightly,Somewhat agree,Somewhat agree,Somewhat agree,Somewhat agree,Somewhat agree,Somewhat agree,Somewhat agree,Slightly better than average,Somewhat better than average,Somewhat better than average,Much better than average,Somewhat better than average,Slightly better than them,Somewhat better than them,Slightly better than them,Much better than them,Somewhat better than them,Very familiar,Familiar,Very familiar,Slightly familiar,Very familiar,Slightly familiar,Somewhat familiar,Never heard of it,Familiar,Never heard of it,Familiar,Very familiar,Nunu,pink,2,west,b,Yes,Helping Paws Animal Wellness,1.5,,,Information gathering,,,,,,,,,P0934,,,,,
True,REDACTED,Strongly agree,Disagree,Somewhat agree,Somewhat agree,Strongly agree,Somewhat disagree,Agree,Disagree,Agree,Disagree,Agree,Disagree,Disagree,Disagree,Agree,Agree,Agree,Slightly,Slightly,Somewhat,Somewhat disagree,Disagree,Disagree,Somewhat disagree,Somewhat agree,Somewhat agree,Somewhat agree,Somewhat better than average,Average,Slightly better than average,Slightly better than average,Slightly better than average,Somewhat better than them,About the same,Slightly better than them,Slightly better than them,About the same,Somewhat familiar,Familiar,Very familiar,Never heard of it,Familiar,Familiar,Never heard of it,Never heard of it,Never heard of it,Never heard of it,Never heard of it,Familiar,Mary,There are no stairs. It's a one-story house.,"None. It was Noah, not Moses.","If it's an electric train, does it blow smoke?",Neither. The yolk of the egg is yellow.,No,,,"Writing assistance (e.g., emails, documents)",Coding,,,Personal advice,,Work tasks,,,,,P1355,,,,,
True,REDACTED,Agree,Neither agree nor disagree,Somewhat agree,Somewhat agree,Somewhat agree,Somewhat agree,Somewhat agree,Somewhat disagree,Agree,Strongly agree,Agree,Agree,Neither disagree nor agree,Agree,Disagree,Strongly disagree,Strongly disagree,Slightly,Somewhat,Not at all,Agree,Somewhat agree,Agree,Somewhat agree,Agree,Somewhat agree,Strongly agree,Somewhat better than average,Slightly better than average,Somewhat better than average,Somewhat better than average,Slightly better than average,Somewhat better than them,About the same,Slightly better than them,Slightly better than them,Slightly better than them,Slightly familiar,Slightly familiar,Slightly familiar,Slightly familiar,Never heard of it,Never heard of it,Slightly familiar,Never heard of it,Never heard of it,Never heard of it,Slightly familiar,Familiar,Nunu,No stairs,2,west,b,No,,,,Coding,Information gathering,,,,Work tasks,,,,,P0773,,,,,
True,REDACTED,Strongly agree,Strongly disagree,Strongly agree,Somewhat agree,Strongly agree,Strongly disagree,Strongly agree,Strongly disagree,Disagree,Neither disagree nor agree,Disagree,Neither disagree nor agree,Neither disagree nor agree,Neither disagree nor agree,Neither disagree nor agree,Disagree,Disagree,Quite a bit,Quite a bit,Not at all,Agree,Agree,Agree,Neither agree nor disagree,Somewhat agree,Somewhat agree,Somewhat agree,Slightly worse than average,Slightly better than average,Slightly better than average,Slightly better than average,Slightly better than average,Somewhat better than them,About the same,Somewhat better than them,Slightly worse than them,Somewhat better than them,Very familiar,Never heard of it,Very familiar,Never heard of it,Very familiar,Never heard of it,Never heard of it,Never heard of it,Never heard of it,Never heard of it,Never heard of it,Very familiar,NuNu,pink,2,North,(b) ‘the yolk of the egg is white,Yes,Helping Paws Animal Wellness,1.0,"Writing assistance (e.g., emails, documents)",,Information gathering,Brainstorming,,,Work tasks,,,,,P1293,,,,,
True,REDACTED,Strongly agree,Disagree,Agree,Strongly agree,Agree,Disagree,Strongly agree,Disagree,Agree,Agree,Strongly agree,Strongly agree,Agree,Agree,Strongly disagree,Strongly disagree,Strongly disagree,Somewhat,Very much,Slightly,Agree,Agree,Strongly agree,Strongly agree,Disagree,Disagree,Somewhat disagree,Slightly better than average,Somewhat better than average,Somewhat better than average,Somewhat better than average,Average,About the same,Slightly better than them,Slightly better than them,About the same,About the same,Very familiar,Very familiar,Very familiar,Never heard of it,Slightly familiar,Never heard of it,Never heard of it,Never heard of it,Never heard of it,Never heard of it,Never heard of it,Slightly familiar,Nunu,there's no stairs it's a one story house.,2,west,B,No,,,"Writing assistance (e.g., emails, documents)",,,,,,,Creative projects,,,,P0835,,,,,
True,REDACTED,Strongly agree,Strongly disagree,Strongly agree,Strongly disagree,Strongly agree,Strongly disagree,Strongly agree,Strongly disagree,Strongly agree,Strongly agree,Strongly agree,Strongly agree,Strongly agree,Strongly agree,Strongly disagree,Strongly disagree,Strongly disagree,Moderately,Slightly,Moderately,Agree,Somewhat agree,Agree,Agree,Strongly agree,Strongly agree,Strongly agree,Slightly better than average,Average,Slightly better than average,Average,Average,About the same,About the same,About the same,About the same,About the same,Very familiar,Very familiar,Very familiar,Never heard of it,Very familiar,Very familiar,Never heard of it,Never heard of it,Never heard of it,Never heard of it,Never heard of it,Very familiar,Mary,pink,2,West,b,No,,,"Writing assistance (e.g., emails, documents)",,Information gathering,Brainstorming,,,,,,,,P0060,,,,,
True,REDACTED,Somewhat agree,Somewhat agree,Agree,Strongly agree,Strongly agree,Somewhat agree,Strongly agree,Agree,Agree,Agree,Agree,Agree,Disagree,Disagree,Disagree,Disagree,Disagree,Moderately,Slightly,Not at all,Somewhat disagree,Strongly disagree,Strongly disagree,Strongly disagree,Strongly agree,Strongly agree,Strongly agree,Slightly worse than average,Average,Much worse than average,Somewhat better than average,Slightly worse than average,About the same,About the same,Somewhat worse than them,Slightly better than them,About the same,Somewhat familiar,Familiar,Slightly familiar,Never heard of it,Never heard of it,Slightly familiar,Never heard of it,Never heard of it,Never heard of it,Never heard of it,Never heard of it,Very familiar,Mary,there are no steps,14,west,b,Yes,Young & Bright Education Fund,1.49,,,,,,,,,,,I have not used AI chatbots before,P0079,,,,,
True,REDACTED,Agree,Disagree,Agree,Strongly agree,Agree,Disagree,Agree,Disagree,Strongly agree,Strongly agree,Strongly agree,Strongly agree,Strongly agree,Strongly agree,Strongly disagree,Strongly disagree,Strongly disagree,Extremely,Moderately,Moderately,Somewhat agree,Agree,Agree,Agree,Somewhat agree,Somewhat agree,Agree,Much better than average,Slightly better than average,Much better than average,Much better than average,Average,Somewhat better than them,Slightly better than them,Slightly better than them,Slightly better than them,About the same,Very familiar,Very familiar,Very familiar,Never heard of it,Slightly familiar,Never heard of it,Never heard of it,Never heard of it,Slightly familiar,Never heard of it,Somewhat familiar,Very familiar,mary,no stairs,two,west,b,No,,,"Writing assistance (e.g., emails, documents)",,,,,Homework or studying,,,,,,P0904,,,,,
True,REDACTED,Agree,Somewhat disagree,Agree,Agree,Agree,Somewhat disagree,Strongly agree,Somewhat disagree,Disagree,Agree,Agree,Strongly agree,Agree,Agree,Strongly disagree,Strongly disagree,Strongly disagree,Quite a bit,Quite a bit,Not at all,Somewhat agree,Agree,Agree,Agree,Somewhat disagree,Disagree,Somewhat agree,Slightly better than average,Somewhat better than average,Somewhat better than average,Slightly better than average,Somewhat better than average,About the same,About the same,About the same,About the same,About the same,Very familiar,Very familiar,Very familiar,Never heard of it,Never heard of it,Very familiar,Never heard of it,Never heard of it,Never heard of it,Never heard of it,Never heard of it,Very familiar,Mary,pink,2,west,(b),No,,,,,Information gathering,Brainstorming,,Homework or studying,Work tasks,,,,,P0442,,,,,
True,REDACTED,Strongly agree,Strongly agree,Strongly disagree,Strongly agree,Agree,Somewhat disagree,Agree,Somewhat disagree,Agree,Strongly agree,Strongly agree,Strongly agree,Agree,Agree,Strongly disagree,Strongly disagree,Strongly disagree,Somewhat,Not at all,Somewhat,Strongly agree,Agree,Agree,Agree,Strongly disagree,Strongly disagree,Strongly disagree,Somewhat better than average,Much better than average,Somewhat better than average,Somewhat better than average,Much better than average,Somewhat better than them,Much better than them,Much better than them,Much better than them,Much better than them,Familiar,Very familiar,Somewhat familiar,Slightly familiar,Familiar,Somewhat familiar,Somewhat familiar,Slightly familiar,Slightly familiar,Never heard of it,Slightly familiar,Very familiar,Mary,There aren't any; it's a one-story house.,2,West,B,No,,,"Writing assistance (e.g., emails, documents)",,Information gathering,Brainstorming,Personal advice,Homework or studying,Work tasks,Creative projects,,,,P0593,,,,,
True,REDACTED,Neither agree nor disagree,Agree,Neither agree nor disagree,Agree,Agree,Disagree,Agree,Somewhat agree,Disagree,Neither disagree nor agree,Neither disagree nor agree,Neither disagree nor agree,Neither disagree nor agree,Neither disagree nor agree,Disagree,Disagree,Neither disagree nor agree,Slightly,Moderately,Moderately,Somewhat agree,Neither agree nor disagree,Somewhat disagree,Neither agree nor disagree,Agree,Neither agree nor disagree,Agree,Somewhat better than average,Slightly better than average,Somewhat better than average,Somewhat better than average,Somewhat better than average,Somewhat better than them,About the same,Slightly better than them,Slightly better than them,About the same,Very familiar,Very familiar,Familiar,Never heard of it,Familiar,Somewhat familiar,Never heard of it,Never heard of it,Never heard of it,Never heard of it,Never heard of it,Very familiar,NuNu,There are no stairs. It is a 1 storey house.,2,An electric train doesn't have smoke.,b,No,,,"Writing assistance (e.g., emails, documents)",Coding,Information gathering,Brainstorming,Personal advice,,,Creative projects,,,,P0705,,,,,
True,REDACTED,Agree,Neither agree nor disagree,Somewhat agree,Somewhat agree,Neither agree nor disagree,Somewhat disagree,Agree,Somewhat disagree,Agree,Agree,Agree,Neither disagree nor agree,Neither disagree nor agree,Neither disagree nor agree,Neither disagree nor agree,Neither disagree nor agree,Neither disagree nor agree,Quite a bit,Moderately,Slightly,Somewhat agree,Somewhat agree,Somewhat agree,Somewhat agree,Neither agree nor disagree,Somewhat agree,Somewhat agree,Average,Slightly better than average,Slightly better than average,Slightly better than average,Average,About the same,Slightly better than them,About the same,Slightly better than them,About the same,Familiar,Very familiar,Familiar,Never heard of it,Never heard of it,Never heard of it,Never heard of it,Never heard of it,Never heard of it,Never heard of it,Somewhat familiar,Very familiar,Mary,pink,2,north,b,Yes,Helping Paws Animal Wellness,1.0,,,,Brainstorming,,Homework or studying,,,,,,P0909,,,,,
True,REDACTED,Somewhat agree,Neither agree nor disagree,Agree,Agree,Agree,Neither agree nor disagree,Agree,Agree,Neither disagree nor agree,Agree,Neither disagree nor agree,Agree,Agree,Agree,Disagree,Disagree,Disagree,Quite a bit,Very much,Moderately,Agree,Somewhat agree,Agree,Agree,Agree,Agree,Agree,Somewhat better than average,Average,Average,Slightly better than average,Somewhat better than average,Somewhat better than them,About the same,About the same,Slightly better than them,Somewhat better than them,Very familiar,Very familiar,Very familiar,Never heard of it,Familiar,Familiar,Never heard of it,Never heard of it,Never heard of it,Never heard of it,Never heard of it,Very familiar,Nunu,pink,2,west,b,No,,,,,Information gathering,,,,,,,,,P0571,,,,,
True,REDACTED,Strongly agree,Strongly disagree,Strongly agree,Somewhat agree,Strongly agree,Strongly disagree,Strongly agree,Strongly disagree,Neither disagree nor agree,Neither disagree nor agree,Neither disagree nor agree,Agree,Agree,Agree,Disagree,Disagree,Disagree,Quite a bit,Moderately,Slightly,Somewhat agree,Disagree,Agree,Neither agree nor disagree,Somewhat agree,Somewhat agree,Somewhat agree,Average,Somewhat better than average,Somewhat better than average,Slightly better than average,Somewhat better than average,Somewhat better than them,About the same,Somewhat better than them,Slightly worse than them,Somewhat better than them,Very familiar,Never heard of it,Very familiar,Never heard of it,Very familiar,Never heard of it,Never heard of it,Never heard of it,Never heard of it,Never heard of it,Never heard of it,Very familiar,Nunu,pink,2,North,(b) ‘the yolk of the egg is white’,Yes,Helping Paws Animal Wellness,1.0,"Writing assistance (e.g., emails, documents)",,Information gathering,Brainstorming,Personal advice,,Work tasks,,,,,P1293,,,,,
True,REDACTED,Strongly agree,Somewhat disagree,Strongly agree,Strongly agree,Agree,Neither agree nor disagree,Strongly agree,Agree,Strongly disagree,Strongly disagree,Neither disagree nor agree,Agree,Agree,Agree,Disagree,Disagree,Strongly disagree,Very much,Quite a bit,Not at all,Disagree,Agree,Strongly agree,Neither agree nor disagree,Somewhat agree,Agree,Agree,Average,Slightly better than average,Slightly better than average,Somewhat better than average,Average,About the same,Slightly worse than them,About the same,Slightly worse than them,About the same,Slightly familiar,Familiar,Somewhat familiar,Never heard of it,Slightly familiar,Never heard of it,Slightly familiar,Never heard of it,Never heard of it,Somewhat familiar,Never heard of it,Very familiar,Mary,pink,2,west,b,Yes,GreenReef Conservation Initiative,1.0,,,Information gathering,,,,,,,,,P0451,,,,,
True,REDACTED,Disagree,Somewhat agree,Disagree,Agree,Agree,Neither agree nor disagree,Strongly agree,Agree,Neither disagree nor agree,Neither disagree nor agree,Neither disagree nor agree,Neither disagree nor agree,Disagree,Neither disagree nor agree,Neither disagree nor agree,Agree,Agree,Not at all,Not at all,Moderately,Disagree,Disagree,Disagree,Disagree,Strongly agree,Strongly agree,Strongly agree,Average,Average,Somewhat worse than average,Average,Much worse than average,About the same,About the same,Much worse than them,About the same,Somewhat worse than them,Familiar,Never heard of it,Very familiar,Never heard of it,Somewhat familiar,Never heard of it,Never heard of it,Never heard of it,Never heard of it,Never heard of it,Never heard of it,Somewhat familiar,Nunu,pink,2,west,b,Yes,Helping Paws Animal Wellness,1.5,,,,,,,,,,,I have not used AI chatbots before,P1018,,,,,
True,REDACTED,Agree,Somewhat disagree,Somewhat agree,Somewhat agree,Somewhat agree,Somewhat disagree,Somewhat agree,Somewhat agree,Strongly agree,Strongly agree,Strongly agree,Strongly agree,Strongly agree,Strongly agree,Strongly disagree,Strongly disagree,Strongly disagree,Very much,Quite a bit,Quite a bit,Agree,Agree,Somewhat agree,Somewhat agree,Somewhat agree,Somewhat agree,Somewhat agree,Slightly better than average,Somewhat better than average,Much better than average,Somewhat better than average,Somewhat better than average,Slightly better than them,Somewhat better than them,Much better than them,Somewhat better than them,Somewhat better than them,Very familiar,Very familiar,Familiar,Never heard of it,Somewhat familiar,Familiar,Never heard of it,Never heard of it,Never heard of it,Never heard of it,Never heard of it,Very familiar,Mary,There are no stairs in a one story house,None. It was Noah,"It's an electric train, there would be no smoke",Neither is correct. Yolks are yellow,No,,,,,Information gathering,Brainstorming,Personal advice,,Work tasks,Creative projects,Therapy,,,P0917,,,,,
True,REDACTED,Agree,Agree,Agree,Somewhat agree,Somewhat agree,Agree,Somewhat agree,Somewhat agree,Agree,Neither disagree nor agree,Neither disagree nor agree,Neither disagree nor agree,Disagree,Neither disagree nor agree,Agree,Neither disagree nor agree,Neither disagree nor agree,Moderately,Moderately,Moderately,Somewhat agree,Agree,Agree,Agree,Agree,Somewhat agree,Somewhat agree,Average,Average,Average,Average,Average,About the same,About the same,About the same,About the same,About the same,Familiar,Never heard of it,Very familiar,Never heard of it,Never heard of it,Never heard of it,Never heard of it,Never heard of it,Never heard of it,Never heard of it,Never heard of it,Familiar,Nunu,pink,2,East,a,No,,,"Writing assistance (e.g., emails, documents)",,,,Personal advice,,Work tasks,Creative projects,,,,P0261,,,,,
True,REDACTED,Agree,Neither agree nor disagree,Agree,Somewhat agree,Agree,Disagree,Strongly agree,Neither agree nor disagree,Disagree,Neither disagree nor agree,Neither disagree nor agree,Disagree,Disagree,Disagree,Agree,Agree,Agree,Very much,Very much,Somewhat,Somewhat agree,Neither agree nor disagree,Neither agree nor disagree,Neither agree nor disagree,Agree,Agree,Strongly agree,Average,Slightly better than average,Slightly better than average,Slightly better than average,Average,About the same,About the same,About the same,About the same,About the same,Very familiar,Somewhat familiar,Familiar,Never heard of it,Somewhat familiar,Never heard of it,Never heard of it,Never heard of it,Never heard of it,Never heard of it,Never heard of it,Very familiar,Mary,pink,two,west,b,No,,,"Writing assistance (e.g., emails, documents)",,Information gathering,Brainstorming,Personal advice,Homework or studying,,Creative projects,,Friendship/companionship,,P0314,,,,,
True,REDACTED,Strongly agree,Somewhat disagree,Strongly agree,Somewhat agree,Strongly agree,Strongly disagree,Strongly agree,Neither agree nor disagree,Agree,Agree,Agree,Strongly agree,Strongly agree,Strongly agree,Strongly disagree,Strongly disagree,Strongly disagree,Somewhat,Moderately,Slightly,Agree,Somewhat agree,Agree,Agree,Somewhat disagree,Somewhat disagree,Neither agree nor disagree,Slightly better than average,Average,Somewhat better than average,Slightly better than average,Slightly better than average,About the same,About the same,Slightly better than them,About the same,Slightly better than them,Very familiar,Familiar,Very familiar,Never heard of it,Very familiar,Familiar,Never heard of it,Never heard of it,Somewhat familiar,Never heard of it,Never heard of it,Very familiar,Mary,There are no stairs in a one-story house.,Two,There is no smoke from an electric train.,Neither.  The yolk of the egg is yellow.,No,,,,,Information gathering,Brainstorming,,,,,,,,P0218,,,,,
True,REDACTED,Agree,Neither agree nor disagree,Neither agree nor disagree,Somewhat agree,Agree,Neither agree nor disagree,Agree,Agree,Agree,Agree,Agree,Agree,Agree,Agree,Strongly disagree,Strongly disagree,Strongly disagree,Moderately,Quite a bit,Not at all,Somewhat agree,Somewhat agree,Agree,Somewhat agree,Neither agree nor disagree,Neither agree nor disagree,Somewhat agree,Somewhat better than average,Slightly better than average,Average,Somewhat better than average,Average,About the same,About the same,About the same,Slightly better than them,About the same,Very familiar,Very familiar,Very familiar,Never heard of it,Never heard of it,Very familiar,Never heard of it,Never heard of it,Never heard of it,Never heard of it,Never heard of it,Very familiar,Mary,there are no stairs in a one-storey house,2,west,b,Yes,Helping Paws Animal Wellness,2.0,,,Information gathering,,,,,,,,,P0639,,,,,
True,REDACTED,Somewhat agree,Somewhat agree,Somewhat agree,Somewhat agree,Neither agree nor disagree,Neither agree nor disagree,Neither agree nor disagree,Somewhat agree,Agree,Agree,Neither disagree nor agree,Agree,Agree,Agree,Disagree,Disagree,Disagree,Quite a bit,Quite a bit,Somewhat,Somewhat agree,Somewhat agree,Somewhat agree,Somewhat agree,Agree,Somewhat agree,Agree,Slightly better than average,Somewhat better than average,Slightly better than average,Somewhat better than average,Somewhat better than average,Slightly better than them,Slightly better than them,Slightly better than them,Somewhat better than them,Somewhat better than them,Familiar,Familiar,Familiar,Slightly familiar,Familiar,Never heard of it,Familiar,Never heard of it,Slightly familiar,Never heard of it,Slightly familiar,Familiar,Mary,No stairs one storey house,2,No smoke Electric train,the yolk of the egg is white,Yes,Young & Bright Education Fund,1.0,,,Information gathering,,,,,,,,,P0574,,,,,
True,REDACTED,Agree,Somewhat disagree,Agree,Somewhat agree,Agree,Somewhat disagree,Agree,Somewhat disagree,Agree,Agree,Agree,Agree,Agree,Agree,Disagree,Disagree,Disagree,Somewhat,Quite a bit,Not at all,Somewhat disagree,Somewhat disagree,Somewhat agree,Somewhat agree,Somewhat agree,Somewhat agree,Agree,Slightly worse than average,Slightly better than average,Somewhat better than average,Somewhat better than average,Somewhat better than average,Slightly worse than them,Slightly worse than them,Somewhat better than them,Somewhat better than them,Somewhat better than them,Familiar,Familiar,Familiar,Slightly familiar,Slightly familiar,Never heard of it,Slightly familiar,Never heard of it,Somewhat familiar,Never heard of it,Never heard of it,Familiar,Mary,pink,2,electric trains do not produce smoke,b,No,,,,,Information gathering,,,,,,,,,P1030,,,,,
True,REDACTED,Agree,Strongly disagree,Strongly agree,Somewhat disagree,Agree,Strongly disagree,Strongly agree,Strongly disagree,Strongly agree,Strongly agree,Strongly agree,Strongly agree,Strongly agree,Strongly agree,Strongly agree,Strongly disagree,Strongly disagree,Quite a bit,Moderately,Moderately,Somewhat agree,Somewhat agree,Somewhat agree,Somewhat agree,Agree,Agree,Agree,Somewhat better than average,Slightly better than average,Somewhat better than average,Slightly better than average,Somewhat better than average,Slightly better than them,Slightly better than them,Slightly better than them,Slightly better than them,Slightly better than them,Very familiar,Very familiar,Familiar,Never heard of it,Somewhat familiar,Slightly familiar,Somewhat familiar,Never heard of it,Never heard of it,Never heard of it,Never heard of it,Familiar,Mary,none,2,west,B,Yes,GreenReef Conservation Initiative,1.0,"Writing assistance (e.g., emails, documents)",Coding,Information gathering,Brainstorming,Personal advice,,Work tasks,Creative projects,,,,P0087,,,,,
True,REDACTED,Agree,Somewhat disagree,Agree,Neither agree nor disagree,Agree,Disagree,Agree,Somewhat disagree,Disagree,Neither disagree nor agree,Neither disagree nor agree,Neither disagree nor agree,Neither disagree nor agree,Neither disagree nor agree,Disagree,Disagree,Disagree,Moderately,Moderately,Very much,Somewhat disagree,Somewhat disagree,Neither agree nor disagree,Somewhat disagree,Somewhat agree,Somewhat agree,Somewhat agree,Average,Slightly better than average,Average,Slightly better than average,Slightly better than average,Slightly worse than them,About the same,About the same,Slightly better than them,About the same,Familiar,Familiar,Familiar,Slightly familiar,Slightly familiar,Somewhat familiar,Never heard of it,Never heard of it,Never heard of it,Never heard of it,Familiar,Very familiar,NyNy,"there are no stairs, its one story",2,there is no smoke from an electric train unless its on fire,b,Yes,Helping Paws Animal Wellness,2.0,"Writing assistance (e.g., emails, documents)",,Information gathering,Brainstorming,Personal advice,,Work tasks,,,,,P1354,,,,,
True,REDACTED,Neither agree nor disagree,Agree,Somewhat agree,Strongly agree,Strongly agree,Neither agree nor disagree,Strongly agree,Somewhat agree,Strongly disagree,Strongly disagree,Strongly disagree,Strongly disagree,Strongly disagree,Strongly disagree,Strongly agree,Strongly agree,Strongly agree,Slightly,Not at all,Not at all,Somewhat disagree,Somewhat disagree,Neither agree nor disagree,Disagree,Agree,Strongly agree,Agree,Somewhat better than average,Average,Somewhat better than average,Much better than average,Slightly better than average,Somewhat better than them,About the same,Somewhat better than them,Much better than them,Slightly better than them,Very familiar,Very familiar,Very familiar,Never heard of it,Very familiar,Familiar,Never heard of it,Never heard of it,Never heard of it,Never heard of it,Slightly familiar,Very familiar,Mary,pink,Moses was not involved with the ark.,Electric trains do not produce smoke.,the yolk of the egg is white,No,,,"Writing assistance (e.g., emails, documents)",,Information gathering,,,Homework or studying,,Creative projects,,,,P0125,,,,,
True,REDACTED,Agree,Neither agree nor disagree,Agree,Agree,Agree,Somewhat agree,Agree,Neither agree nor disagree,Neither disagree nor agree,Agree,Neither disagree nor agree,Agree,Agree,Agree,Disagree,Disagree,Disagree,Quite a bit,Very much,Moderately,Agree,Somewhat agree,Agree,Agree,Agree,Agree,Agree,Somewhat better than average,Average,Average,Slightly better than average,Slightly better than average,Somewhat better than them,About the same,About the same,Slightly better than them,Slightly better than them,Very familiar,Very familiar,Very familiar,Never heard of it,Very familiar,Very familiar,Never heard of it,Never heard of it,Never heard of it,Never heard of it,Never heard of it,Very familiar,Nunu,pink,2,west,b,No,,,,,Information gathering,,,,,,,,,P0571,,,,,
True,REDACTED,Agree,Neither agree nor disagree,Agree,Agree,Agree,Somewhat disagree,Strongly agree,Neither agree nor disagree,Agree,Agree,Agree,Strongly agree,Strongly agree,Strongly agree,Strongly disagree,Strongly disagree,Strongly disagree,Slightly,Somewhat,Slightly,Somewhat agree,Somewhat agree,Agree,Somewhat agree,Somewhat agree,Somewhat agree,Somewhat agree,Average,Average,Average,Slightly better than average,Average,About the same,About the same,About the same,About the same,About the same,Very familiar,Very familiar,Very familiar,Somewhat familiar,Very familiar,Very familiar,Never heard of it,Never heard of it,Never heard of it,Never heard of it,Slightly familiar,Very familiar,Mary,There are no stairs in a one-story house,,An electric train does not produce smoke.,b,No,,,,,Information gathering,,,,,,,,,P0490,,,,,
True,REDACTED,Agree,Neither agree nor disagree,Agree,Agree,Agree,Neither agree nor disagree,Somewhat agree,Neither agree nor disagree,Neither disagree nor agree,Disagree,Disagree,Neither disagree nor agree,Disagree,Disagree,Neither disagree nor agree,Neither disagree nor agree,Neither disagree nor agree,Quite a bit,Not at all,Not at all,Neither agree nor disagree,Somewhat disagree,Somewhat agree,Somewhat agree,Somewhat agree,Neither agree nor disagree,Neither agree nor disagree,Somewhat better than average,Slightly better than average,Slightly better than average,Somewhat better than average,Slightly better than average,Much better than them,Much better than them,Much better than them,Much better than them,About the same,Very familiar,Very familiar,Familiar,Slightly familiar,Slightly familiar,Familiar,Slightly familiar,Never heard of it,Never heard of it,Never heard of it,Never heard of it,Very familiar,Mary,pink,2,electric trains don't make smoke,b,No,,,,,,,,,,,,,I have not used AI chatbots before,P0756,,,,,
True,REDACTED,Agree,Somewhat disagree,Agree,Neither agree nor disagree,Somewhat disagree,Somewhat disagree,Agree,Disagree,Agree,Agree,Agree,Agree,Agree,Agree,Strongly disagree,Strongly disagree,Strongly disagree,Quite a bit,Quite a bit,Quite a bit,Somewhat agree,Somewhat agree,Somewhat agree,Somewhat agree,Disagree,Somewhat agree,Somewhat agree,Somewhat better than average,Somewhat better than average,Somewhat better than average,Somewhat better than average,Somewhat better than average,Somewhat better than them,Somewhat better than them,Somewhat better than them,Somewhat better than them,Somewhat better than them,Very familiar,Familiar,Very familiar,Never heard of it,Never heard of it,Never heard of it,Never heard of it,Never heard of it,Never heard of it,Never heard of it,Never heard of it,Very familiar,nunu,pink,11,west,b,Yes,Young & Bright Education Fund,1.12,,,Information gathering,,Personal advice,,,,,,,P0868,,,,,
True,REDACTED,Agree,Somewhat disagree,Somewhat agree,Neither agree nor disagree,Somewhat agree,Somewhat disagree,Somewhat agree,Somewhat disagree,Disagree,Disagree,Neither disagree nor agree,Neither disagree nor agree,Neither disagree nor agree,Neither disagree nor agree,Disagree,Disagree,Disagree,Moderately,Moderately,Extremely,Somewhat disagree,Somewhat disagree,Somewhat disagree,Somewhat disagree,Somewhat agree,Somewhat agree,Somewhat agree,Average,Average,Average,Slightly better than average,Slightly better than average,About the same,About the same,About the same,Slightly better than them,Slightly better than them,Familiar,Familiar,Familiar,Never heard of it,Slightly familiar,Slightly familiar,Never heard of it,Never heard of it,Never heard of it,Never heard of it,Familiar,Familiar,NyNy,there are no stairs in a one story house,2,there is no smoke unless the electric train is on fire,b,Yes,Helping Paws Animal Wellness,2.0,"Writing assistance (e.g., emails, documents)",,Information gathering,Brainstorming,Personal advice,,Work tasks,,,,,P1354,,,,,
True,REDACTED,Disagree,Agree,Disagree,Strongly agree,Disagree,Agree,Disagree,Disagree,Disagree,Disagree,Strongly disagree,Strongly disagree,Disagree,Disagree,Agree,Strongly agree,Strongly agree,Somewhat,Quite a bit,Moderately,Disagree,Disagree,Strongly disagree,Strongly disagree,Agree,Agree,Strongly agree,Slightly worse than average,Slightly worse than average,Somewhat worse than average,Much better than average,Slightly worse than average,Somewhat worse than them,Somewhat worse than them,Somewhat worse than them,Somewhat worse than them,Slightly worse than them,Very familiar,Very familiar,Very familiar,Very familiar,Very familiar,Very familiar,Very familiar,Never heard of it,Never heard of it,Slightly familiar,Never heard of it,Very familiar,mary,pink,2,nowhere,b,No,,,"Writing assistance (e.g., emails, documents)",,,,,,,,,Friendship/companionship,,P0256,,,,,
True,REDACTED,Agree,Disagree,Agree,Agree,Agree,Disagree,Agree,Disagree,Agree,Agree,Agree,Agree,Agree,Agree,Disagree,Disagree,Disagree,Quite a bit,Moderately,Slightly,Agree,Agree,Agree,Agree,Agree,Agree,Agree,Somewhat better than average,Slightly better than average,Much better than average,Slightly better than average,Somewhat better than average,About the same,Slightly worse than them,Somewhat better than them,Slightly better than them,About the same,Familiar,Very familiar,Familiar,Never heard of it,Never heard of it,Never heard of it,Never heard of it,Never heard of it,Never heard of it,Never heard of it,Never heard of it,Familiar,mary,pink,two,west,b,Yes,Helping Paws Animal Wellness,1.0,"Writing assistance (e.g., emails, documents)",,Information gathering,Brainstorming,Personal advice,Homework or studying,Work tasks,Creative projects,,,,P0284,,,,,
True,REDACTED,Agree,Neither agree nor disagree,Agree,Agree,Agree,Neither agree nor disagree,Agree,Neither agree nor disagree,Neither disagree nor agree,Neither disagree nor agree,Disagree,Neither disagree nor agree,Neither disagree nor agree,Neither disagree nor agree,Disagree,Disagree,Disagree,Moderately,Somewhat,Somewhat,Somewhat disagree,Somewhat disagree,Somewhat disagree,Somewhat agree,Agree,Agree,Strongly agree,Much better than average,Much better than average,Slightly better than average,Slightly better than average,Slightly better than average,Somewhat better than them,Somewhat better than them,Slightly better than them,About the same,Slightly worse than them,Familiar,Very familiar,Familiar,Never heard of it,Slightly familiar,Somewhat familiar,Never heard of it,Never heard of it,Never heard of it,Never heard of it,Never heard of it,Very familiar,Nunu,pink,2,"West, if there is smoke; however there shouldn't be smoke coming from an electric train","neither; while b is grammatically correct, yolks of eggs are yellow",Yes,Young & Bright Education Fund,1.0,,,,,,,,,,,I have not used AI chatbots before,P0247,,,,,
True,REDACTED,Strongly agree,Strongly disagree,Strongly agree,Neither agree nor disagree,Somewhat agree,Disagree,Agree,Disagree,Neither disagree nor agree,Disagree,Neither disagree nor agree,Agree,Neither disagree nor agree,Agree,Disagree,Disagree,Disagree,Slightly,Somewhat,Not at all,Agree,Somewhat agree,Strongly agree,Somewhat agree,Neither agree nor disagree,Somewhat agree,Somewhat agree,Somewhat better than average,Much better than average,Somewhat better than average,Much better than average,Much better than average,Slightly better than them,Somewhat better than them,Somewhat better than them,Much better than them,Much better than them,Familiar,Familiar,Somewhat familiar,Never heard of it,Slightly familiar,Never heard of it,Never heard of it,Never heard of it,Never heard of it,Never heard of it,Never heard of it,Slightly familiar,NuNu,pink,one,west,b,No,,,"Writing assistance (e.g., emails, documents)",,Information gathering,,,,,,,,,P1007,,,,,
True,REDACTED,Strongly agree,Somewhat disagree,Agree,Neither agree nor disagree,Neither agree nor disagree,Strongly disagree,Strongly agree,Somewhat agree,Agree,Disagree,Agree,Agree,Agree,Agree,Disagree,Disagree,Disagree,Somewhat,Quite a bit,Extremely,Somewhat agree,Somewhat agree,Agree,Agree,Disagree,Strongly disagree,Disagree,Slightly better than average,Slightly better than average,Much better than average,Slightly better than average,Slightly better than average,Much better than them,Slightly worse than them,Much better than them,About the same,Much better than them,Slightly familiar,Never heard of it,Familiar,Never heard of it,Never heard of it,Never heard of it,Never heard of it,Never heard of it,Never heard of it,Never heard of it,Never heard of it,Never heard of it,Mary,there was no stairs,none,east,b,No,,,"Writing assistance (e.g., emails, documents)",,,,Personal advice,Homework or studying,Work tasks,Creative projects,,Friendship/companionship,,P0580,,,,,
True,REDACTED,Strongly agree,Disagree,Strongly agree,Neither agree nor disagree,Agree,Somewhat disagree,Strongly agree,Somewhat disagree,Neither disagree nor agree,Disagree,Agree,Neither disagree nor agree,Disagree,Disagree,Agree,Neither disagree nor agree,Neither disagree nor agree,Moderately,Quite a bit,Moderately,Somewhat disagree,Neither agree nor disagree,Somewhat disagree,Neither agree nor disagree,Neither agree nor disagree,Somewhat disagree,Neither agree nor disagree,Average,Average,Average,Average,Average,About the same,Slightly worse than them,About the same,Slightly worse than them,About the same,Familiar,Familiar,Familiar,Never heard of it,Never heard of it,Never heard of it,Never heard of it,Never heard of it,Never heard of it,Never heard of it,Never heard of it,Very familiar,mary ,pink ,2,South,b ,No,,,"Writing assistance (e.g., emails, documents)",,Information gathering,,Personal advice,Homework or studying,,,Therapy,Friendship/companionship,,P0423,,,,,
True,REDACTED,Strongly agree,Strongly agree,Strongly agree,Strongly agree,Neither agree nor disagree,Agree,Somewhat agree,Strongly agree,Strongly disagree,Strongly disagree,Strongly disagree,Agree,Agree,Agree,Disagree,Disagree,Disagree,Slightly,Slightly,Somewhat,Strongly disagree,Strongly disagree,Strongly disagree,Strongly disagree,Strongly disagree,Strongly disagree,Strongly disagree,Much better than average,Much better than average,Much better than average,Much better than average,Much better than average,About the same,About the same,Slightly better than them,About the same,Slightly better than them,Very familiar,Very familiar,Very familiar,Very familiar,Very familiar,Very familiar,Very familiar,Very familiar,Never heard of it,Very familiar,Very familiar,Very familiar,Mary,one story house no stairs,2,bruh its an electric train,b,No,,,"Writing assistance (e.g., emails, documents)",Coding,Information gathering,Brainstorming,Personal advice,Homework or studying,Work tasks,Creative projects,Therapy,Friendship/companionship,,P1388,,,,,
True,REDACTED,Strongly agree,Strongly agree,Somewhat agree,Strongly agree,Strongly disagree,Strongly agree,Strongly disagree,Strongly agree,Agree,Agree,Agree,Agree,Agree,Agree,Strongly disagree,Strongly disagree,Strongly disagree,Extremely,Extremely,Extremely,Agree,Agree,Agree,Agree,Strongly agree,Strongly agree,Strongly agree,Somewhat better than average,Much better than average,Much better than average,Much better than average,Much better than average,About the same,Much better than them,Much better than them,Much better than them,Much better than them,Very familiar,Never heard of it,Very familiar,Never heard of it,Somewhat familiar,Never heard of it,Never heard of it,Never heard of it,Never heard of it,Never heard of it,Never heard of it,Very familiar,Mary,pink,2,west,b,No,,,"Writing assistance (e.g., emails, documents)",,Information gathering,Brainstorming,Personal advice,,Work tasks,Creative projects,Therapy,Friendship/companionship,,P0631,,,,,
True,REDACTED,Strongly agree,Disagree,Strongly disagree,Disagree,Agree,Strongly disagree,Agree,Disagree,Agree,Agree,Agree,Agree,Agree,Agree,Strongly disagree,Disagree,Disagree,Very much,Extremely,Quite a bit,Agree,Agree,Somewhat agree,Somewhat agree,Disagree,Disagree,Somewhat agree,Somewhat better than average,Slightly better than average,Much better than average,Somewhat better than average,Somewhat better than average,Somewhat better than them,Slightly better than them,Much better than them,Somewhat better than them,Somewhat better than them,Very familiar,Very familiar,Very familiar,Familiar,Slightly familiar,Somewhat familiar,Slightly familiar,Never heard of it,Never heard of it,Never heard of it,Familiar,Very familiar,MARY,PINKB,NONE,WEST,B,No,,,"Writing assistance (e.g., emails, documents)",,,Brainstorming,Personal advice,,Work tasks,Creative projects,,Friendship/companionship,,P1280,,,,,
True,REDACTED,Strongly agree,Somewhat disagree,Agree,Somewhat agree,Agree,Disagree,Agree,Neither agree nor disagree,Agree,Agree,Agree,Agree,Agree,Neither disagree nor agree,Disagree,Disagree,Disagree,Moderately,Quite a bit,Slightly,Agree,Somewhat agree,Somewhat agree,Somewhat agree,Neither agree nor disagree,Somewhat agree,Somewhat agree,Slightly better than average,Average,Slightly better than average,Somewhat better than average,Average,About the same,About the same,About the same,About the same,About the same,Familiar,Familiar,Familiar,Never heard of it,Familiar,Never heard of it,Never heard of it,Never heard of it,Never heard of it,Never heard of it,Slightly familiar,Familiar,Mary,pink,2,west,(b),Yes,Helping Paws Animal Wellness,2.0,,,Information gathering,,,Homework or studying,,,,,,P0117,,,,,
True,REDACTED,Strongly agree,Somewhat disagree,Agree,Agree,Somewhat disagree,Somewhat disagree,Neither agree nor disagree,Somewhat agree,Disagree,Neither disagree nor agree,Agree,Neither disagree nor agree,Neither disagree nor agree,Agree,Disagree,Neither disagree nor agree,Disagree,Very much,Very much,Quite a bit,Somewhat agree,Somewhat disagree,Somewhat disagree,Somewhat agree,Agree,Somewhat agree,Strongly agree,Slightly better than average,Somewhat better than average,Average,Somewhat better than average,Slightly worse than average,Slightly worse than them,Slightly better than them,About the same,Slightly better than them,Somewhat worse than them,Very familiar,Very familiar,Very familiar,Never heard of it,Slightly familiar,Familiar,Never heard of it,Never heard of it,Never heard of it,Never heard of it,Somewhat familiar,Very familiar,Mary,there are no stairs,2,west,b,Yes,Young & Bright Education Fund,1.0,,,,Brainstorming,Personal advice,,,Creative projects,Therapy,Friendship/companionship,,P0912,,,,,
True,REDACTED,Somewhat agree,Neither agree nor disagree,Agree,Neither agree nor disagree,Somewhat agree,Somewhat agree,Strongly agree,Neither agree nor disagree,Disagree,Disagree,Disagree,Neither disagree nor agree,Disagree,Neither disagree nor agree,Neither disagree nor agree,Neither disagree nor agree,Neither disagree nor agree,Very much,Quite a bit,Moderately,Somewhat disagree,Disagree,Disagree,Neither agree nor disagree,Somewhat agree,Somewhat agree,Somewhat agree,Much better than average,Somewhat better than average,Much better than average,Slightly worse than average,Slightly better than average,Somewhat better than them,Slightly worse than them,About the same,Slightly worse than them,About the same,Very familiar,Very familiar,Very familiar,Somewhat familiar,Very familiar,Very familiar,Never heard of it,Never heard of it,Never heard of it,Never heard of it,Never heard of it,Very familiar,Nunu,pink,2,west,b,Yes,Young & Bright Education Fund,1.0,"Writing assistance (e.g., emails, documents)",Coding,Information gathering,Brainstorming,Personal advice,Homework or studying,Work tasks,Creative projects,,,,P0812,,,,,
True,REDACTED,Agree,Neither agree nor disagree,Agree,Somewhat agree,Agree,Disagree,Agree,Neither agree nor disagree,Agree,Agree,Agree,Agree,Agree,Neither disagree nor agree,Disagree,Disagree,Disagree,Somewhat,Quite a bit,Slightly,Agree,Neither agree nor disagree,Neither agree nor disagree,Somewhat agree,Somewhat agree,Somewhat agree,Somewhat agree,Slightly better than average,Slightly better than average,Somewhat better than average,Somewhat better than average,Slightly better than average,About the same,About the same,About the same,About the same,About the same,Familiar,Familiar,Familiar,Never heard of it,Familiar,Somewhat familiar,Never heard of it,Never heard of it,Never heard of it,Never heard of it,Never heard of it,Familiar,Mary,pink,0 Noah put 2,West,(b) 'the yolk of the egg is white',Yes,Helping Paws Animal Wellness,2.0,,,Information gathering,,,Homework or studying,,,,,,P0117,,,,,
True,REDACTED,Agree,Disagree,Agree,Disagree,Agree,Agree,Agree,Somewhat disagree,Disagree,Disagree,Disagree,Disagree,Disagree,Disagree,Agree,Agree,Agree,Quite a bit,Not at all,Not at all,Somewhat agree,Neither agree nor disagree,Agree,Somewhat agree,Agree,Agree,Agree,Average,Average,Somewhat better than average,Somewhat better than average,Slightly better than average,About the same,About the same,Somewhat better than them,Slightly better than them,About the same,Familiar,Familiar,Familiar,Never heard of it,Somewhat familiar,Slightly familiar,Never heard of it,Never heard of it,Never heard of it,Never heard of it,Never heard of it,Familiar,Mary,pink,2,west,b,No,,,,,Information gathering,,,,,,,,,P0360,,,,,
True,REDACTED,Agree,Neither agree nor disagree,Strongly agree,Strongly agree,Somewhat agree,Neither agree nor disagree,Agree,Neither agree nor disagree,Strongly disagree,Disagree,Disagree,Neither disagree nor agree,Neither disagree nor agree,Neither disagree nor agree,Disagree,Disagree,Disagree,Very much,Not at all,Not at all,Strongly agree,Agree,Strongly agree,Strongly agree,Agree,Somewhat agree,Agree,Somewhat better than average,Average,Much better than average,Much better than average,Average,About the same,About the same,Slightly better than them,About the same,Slightly worse than them,Very familiar,Very familiar,Very familiar,Never heard of it,Somewhat familiar,Somewhat familiar,Slightly familiar,Never heard of it,Never heard of it,Never heard of it,Never heard of it,Very familiar,Mary,pink,2,west,b,No,,,,,Information gathering,Brainstorming,,,,,,,,P0076,,,,,
True,REDACTED,Somewhat agree,Somewhat agree,Somewhat agree,Neither agree nor disagree,Somewhat agree,Somewhat agree,Somewhat agree,Neither agree nor disagree,Agree,Agree,Agree,Agree,Agree,Agree,Disagree,Neither disagree nor agree,Disagree,Very much,Very much,Moderately,Agree,Agree,Agree,Agree,Agree,Somewhat agree,Agree,Somewhat better than average,Slightly better than average,Somewhat better than average,Slightly better than average,Somewhat better than average,Somewhat better than them,Somewhat better than them,Somewhat better than them,Somewhat better than them,Somewhat better than them,Somewhat familiar,Never heard of it,Familiar,Never heard of it,Never heard of it,Never heard of it,Slightly familiar,Never heard of it,Never heard of it,Never heard of it,Slightly familiar,Very familiar,Mary,no stairs,Noah,no smoke,neither,Yes,Young & Bright Education Fund,1.49,"Writing assistance (e.g., emails, documents)",,Information gathering,Brainstorming,Personal advice,,,Creative projects,,,,P0421,,,,,
True,REDACTED,Agree,Somewhat agree,Agree,Agree,Agree,Disagree,Agree,Neither agree nor disagree,Agree,Agree,Agree,Agree,Agree,Agree,Disagree,Disagree,Disagree,Somewhat,Quite a bit,Slightly,Agree,Somewhat agree,Agree,Somewhat agree,Agree,Somewhat agree,Agree,Somewhat better than average,Somewhat better than average,Slightly better than average,Slightly better than average,Somewhat better than average,Somewhat better than them,Somewhat better than them,Slightly better than them,Slightly better than them,Somewhat better than them,Very familiar,Very familiar,Very familiar,Never heard of it,Very familiar,Very familiar,Familiar,Never heard of it,Never heard of it,Somewhat familiar,Never heard of it,Very familiar,nunu,pink,2,west,a,Yes,Helping Paws Animal Wellness,1.25,"Writing assistance (e.g., emails, documents)",,Information gathering,,,,,Creative projects,,,,P0622,,,,,
True,REDACTED,Agree,Somewhat disagree,Strongly agree,Agree,Agree,Somewhat disagree,Strongly agree,Neither agree nor disagree,Strongly disagree,Strongly disagree,Strongly disagree,Strongly disagree,Disagree,Strongly disagree,Neither disagree nor agree,Neither disagree nor agree,Agree,Very much,Slightly,Slightly,Disagree,Disagree,Disagree,Disagree,Strongly agree,Strongly agree,Strongly agree,Much better than average,Somewhat better than average,Slightly better than average,Somewhat better than average,Slightly better than average,Somewhat better than them,Somewhat better than them,Somewhat better than them,Somewhat better than them,Somewhat better than them,Very familiar,Very familiar,Familiar,Never heard of it,Somewhat familiar,Very familiar,Never heard of it,Never heard of it,Never heard of it,Never heard of it,Never heard of it,Very familiar,Mary,a one storey house has no stairs,0,an electric train doesn't have smoke,neither because yolks are yellow,No,,,,,Information gathering,,,,Work tasks,,,,,P0003,,,,,
True,REDACTED,Strongly agree,Strongly disagree,Strongly agree,Agree,Strongly agree,Strongly disagree,Strongly agree,Agree,Disagree,Disagree,Disagree,Disagree,Disagree,Disagree,Agree,Neither disagree nor agree,Agree,Very much,Slightly,Extremely,Somewhat agree,Neither agree nor disagree,Somewhat agree,Agree,Agree,Disagree,Strongly agree,Much better than average,Much better than average,Much better than average,Much better than average,Much better than average,Somewhat better than them,Much better than them,Much better than them,Much better than them,Somewhat better than them,Familiar,Familiar,Very familiar,Never heard of it,Never heard of it,Never heard of it,Never heard of it,Never heard of it,Never heard of it,Never heard of it,Very familiar,Very familiar,Mary,House is only one story no stairs.,2,No smoke an electric vehicle.,b,No,,,"Writing assistance (e.g., emails, documents)",Coding,Information gathering,Brainstorming,Personal advice,Homework or studying,Work tasks,Creative projects,Therapy,Friendship/companionship,,P0554,,,,,
True,REDACTED,Agree,Neither agree nor disagree,Agree,Somewhat agree,Neither agree nor disagree,Agree,Agree,Somewhat agree,Neither disagree nor agree,Agree,Agree,Neither disagree nor agree,Neither disagree nor agree,Neither disagree nor agree,Neither disagree nor agree,Neither disagree nor agree,Neither disagree nor agree,Moderately,Moderately,Not at all,Agree,Agree,Agree,Agree,Somewhat agree,Somewhat agree,Somewhat agree,Slightly better than average,Slightly better than average,Somewhat better than average,Slightly worse than average,Slightly worse than average,Slightly better than them,Slightly better than them,Somewhat better than them,About the same,About the same,Familiar,Familiar,Very familiar,Never heard of it,Very familiar,Familiar,Never heard of it,Never heard of it,Never heard of it,Never heard of it,Never heard of it,Familiar,Mary,No stairs it's only 1 story,2,"It's electric, no smoke",B,No,,,,Coding,,,,,,,,,,P0111,,,,,
True,REDACTED,Agree,Somewhat disagree,Neither agree nor disagree,Somewhat agree,Neither agree nor disagree,Neither agree nor disagree,Somewhat agree,Neither agree nor disagree,Neither disagree nor agree,Neither disagree nor agree,Neither disagree nor agree,Disagree,Neither disagree nor agree,Neither disagree nor agree,Neither disagree nor agree,Neither disagree nor agree,Disagree,Extremely,Moderately,Not at all,Agree,Agree,Somewhat agree,Agree,Agree,Agree,Agree,Somewhat better than average,Somewhat better than average,Much better than average,Average,Somewhat better than average,Somewhat better than them,Somewhat better than them,Somewhat better than them,Slightly worse than them,Somewhat better than them,Very familiar,Very familiar,Very familiar,Never heard of it,Slightly familiar,Somewhat familiar,Never heard of it,Never heard of it,Never heard of it,Never heard of it,Never heard of it,Very familiar,nunu,pink,it was noah not moses,west,b,No,,,,Coding,Information gathering,Brainstorming,,,,,,,,P0388,,,,,
True,REDACTED,Agree,Neither agree nor disagree,Neither agree nor disagree,Agree,Neither agree nor disagree,Neither agree nor disagree,Agree,Neither agree nor disagree,Neither disagree nor agree,Neither disagree nor agree,Neither disagree nor agree,Neither disagree nor agree,Neither disagree nor agree,Neither disagree nor agree,Neither disagree nor agree,Neither disagree nor agree,Disagree,Extremely,Moderately,Not at all,Agree,Agree,Agree,Agree,Agree,Agree,Agree,Much better than average,Much better than average,Much better than average,Average,Somewhat better than average,Somewhat better than them,Slightly better than them,Somewhat better than them,Slightly worse than them,Somewhat better than them,Very familiar,Very familiar,Very familiar,Never heard of it,Slightly familiar,Somewhat familiar,Never heard of it,Never heard of it,Never heard of it,Never heard of it,Never heard of it,Very familiar,nunu,pink,it was noah,west,b,No,,,,Coding,Information gathering,Brainstorming,,,,,,,,P0388,,,,,
True,REDACTED,Strongly agree,Somewhat disagree,Agree,Agree,Agree,Agree,Strongly agree,Somewhat disagree,Strongly disagree,Disagree,Neither disagree nor agree,Disagree,Disagree,Disagree,Agree,Agree,Agree,Somewhat,Slightly,Somewhat,Disagree,Strongly disagree,Disagree,Strongly disagree,Agree,Agree,Strongly agree,Somewhat better than average,Somewhat better than average,Somewhat better than average,Somewhat better than average,Somewhat better than average,About the same,Somewhat worse than them,Much better than them,Much better than them,About the same,Very familiar,Very familiar,Very familiar,Very familiar,Very familiar,Very familiar,Familiar,Never heard of it,Never heard of it,Familiar,Never heard of it,Very familiar,Mary,Trick question. It's a one story house. ,2,Trick question. Electric trains shouldnt (!) produce smoke. ,b,Yes,GreenReef Conservation Initiative,1.25,,,,,,,,Creative projects,,Friendship/companionship,,P1094,,,,,
True,REDACTED,Neither agree nor disagree,Somewhat agree,Agree,Somewhat agree,Somewhat disagree,Neither agree nor disagree,Agree,Neither agree nor disagree,Disagree,Agree,Neither disagree nor agree,Agree,Neither disagree nor agree,Agree,Neither disagree nor agree,Neither disagree nor agree,Disagree,Moderately,Very much,Quite a bit,Somewhat disagree,Neither agree nor disagree,Somewhat agree,Somewhat disagree,Somewhat agree,Somewhat agree,Agree,Slightly better than average,Slightly better than average,Somewhat better than average,Slightly better than average,Slightly better than average,About the same,About the same,Somewhat better than them,About the same,Slightly worse than them,Familiar,Familiar,Very familiar,Never heard of it,Familiar,Somewhat familiar,Never heard of it,Never heard of it,Never heard of it,Never heard of it,Never heard of it,Very familiar,Mary,"there are no stairs since it's a one-story house, but if there are, they would be pink",two,west,b,Yes,Helping Paws Animal Wellness,1.0,,,Information gathering,Brainstorming,Personal advice,,Work tasks,Creative projects,Therapy,Friendship/companionship,,P0783,,,,,
